serIdString,serIdInt
"공감을 통한 따뜻한 이해, 장애인 인식 개선",1
"유비무환, 알아두고 예방하는 명품 정보보호 교육",2
"직장팟 On AIR, 성희롱 예방교육",3
임직원이 알아야 할 자금세탁 방지제도,4
"책임감 있는 기업의 롱런메이트, 윤리경영",5
직장인의 자격 엑셀2010,6
내 맘대로 가지고 노는 MS Office Excel 2010(1),7
직장인 일상회화 완전정복 1단계 - 기초패턴편,8
Stop it! 당돌한 성희롱 예방 리얼리티 Show,9
역사를 읽어주는 남자 - 설민석의 조선왕조실록 1,10
아트 스피치 기초편,11
조윤범의 파워클래식,12
쉽게 이해하는 중국문화 (1),13
"예술, 역사를 만들다",14
청렴국가로 가는 길,15
"한 장 보고서, 핵심을 꿰뚫는 장표로 승부하라",16
궁금타파! 사례로 알아보는 김영란 법 에센스,17
독사,18
4차 산업혁명 차이나 파워,19
"지속가능기업의 혁신 Awards, 행복윤리경영",20
"21세기 국가경쟁력, 청렴경영",21
업무력 2배 높이는 습관 만들기,22
"하루 10분, 직장인 인문학(1)",23
"하루 10분, 직장인 인문학(2)",24
"새로운 성장 기회, 빅데이터(Big Data)에 주목하라!",25
"It’s different, 남자상사가 알아야 할 여직원 소통법",26
눈치코치 직장생활 소통 코드 맞추기,27
"Work Smart, 하루를 2배로 쓰는 똑똑한 업무법",28
초보자를 위한 인터넷 100% 활용하기(1),29
"[The Leader] 성장의 노하우, 정상에서 만난 장인들의 리더십",30
현장에서 바로 통하는 비즈니스 일본어 회화,31
행복한 CS달인을 만드는 고객만족 클리닉(공공편),32
정보화시대의 정보보안 실천,33
3단어로 시작하는 왕초보 기본회화,34
"젠더감수성, 성희롱 없는 건강한 일터 만들기",35
"내면을 비추는 거울, 타로 카드 배우기(2)",36
고객만족! 컴플레인 정복하기,37
"Creative Thinker, 생각을 뒤집으면 아이디어가 보인다!",38
"속성 토익스피킹, 10분안에 레벨 업그레이드 하기 - Part 1-3",39
아트 스피치 응용편,40
성공 Networking! 황금 인맥을 만드는 습관,41
"특별한 PM이 되는 비법, 프로젝트 관리 기법",42
역사를 읽어주는 남자 - 설민석의 조선왕조실록 2,43
역사를 바꾼 전쟁사 2,44
"온고지신, 공자의 성공 커뮤니케이션 전략",45
직장 내 성희롱 예방,46
예방도 스마트하게! 명품 성희롱 예방교육,47
설득의 원리,48
아는 만큼 코칭하는 기적의 성과관리,49
[The Leader] 탁월한 경쟁력을 만드는 미래인재의 민첩성,50
초보자도 쉽게 배우는 한글 2010(1),51
디바제시카의 비즈니스 영어회화 500 플러스 Step 1,52
디바제시카의 비즈니스 영어회화 500 플러스 Step 2,53
젠더프레임을 깨라! 뇌섹남녀들을 위한 성희롱예방교육,54
지켜줍SHOW! 모두의 정보보안,55
조직을 바꾸는 유쾌한 에너지 긍정 리더십,56
핵심! 공정거래법 실무,57
부동산 권리분석,58
부동산 입지 및 상권분석,59
부동산 자산관리와 임대차실무,60
공인중개사_민법 및 민사특별법 2017(2),61
공인중개사_부동산세법 2017(1),62
공인중개사_부동산공시법 2017(1),63
공인중개사_부동산학개론 2017(1),64
공인중개사_민법 및 민사특별법 2017(1),65
공인중개사_부동산학개론 2017(2),66
공인중개사_부동산학개론 2017(3),67
공인중개사_민법 및 민사특별법 2017(3),68
공인중개사_부동산공법 2017(3),69
공인중개사_부동산공법 2017(2),70
종횡무진 한국경제 1편,71
법학 고전 읽기,72
상처받지 않는 돈관리,73
우리 민간신앙의 세계,74
Let`s Culturally Fluent 이문화 이해와 글로벌 에티켓,75
"Smart 경영관리 노하우, 센스있는 총무가 되라!",76
"Playing 고객을 잡는 Flying 마케터, 소셜미디어 마케팅",77
33토익 337 기본 LC - STEP 1,78
"메모의 기술, 덮어놓고 쓰지 말고 쓸모 있게 적어라",79
성숙한 삶의 심리학과 방어기제,80
직장인의 자격 워드2010,81
Adobe Premiere Pro CC 2015 영상 편집의 입문 Part(3),82
[Must Know] Outlook 2007,83
실무에 바로 적용하는 엑셀 2013 매크로 & VBA,84
[SMART 물류] 공급사슬관리,85
[SMART 물류] 물류경영과 정보시스템,86
성공 프로젝트를 위한 품질 및 리스크 관리,87
"The Gate, 개인정보보호와 정보보안의 정도",88
하루 10분 영어회화 Speak Out 입문(1),89
입을 열어라! SPEAK OUT 기초회화,90
Bye Bye 왕초보 영어회화 - 귀와 입을 열어라,91
Bye Bye 왕초보 영어회화 - 거침없이 말하라,92
의외로 쉬운 세련된 쇼핑표현 편,93
의외로 쉬운 세련된 외식표현 편,94
의외로 쉬운 세련된 잔소리표현 편,95
의외로 쉬운 세련된 칭찬표현 편,96
의외로 쉬운 세련된 대화표현 편,97
"직장팟 On AIR, 성희롱예방교육 & 양성평등 & 장애인복지",98
설득의 정석,99
"다산 정약용, 상식으로 혁명하라",100
"감정케어, 상처받지 않은 것처럼 당당하게 일하라",101
"고성과 조직의 시크릿 코드, 팀 의사소통 전략",102
팀 리더를 위한 진성리더십,103
조직 행복지수를 높이는 감성리더십,104
당신,105
불행에 맞서는 가장 멋진 방법,106
한국사회에 정의란 무엇인가?,107
적당한 정의는 없습니다,108
내가 떠나는 이유,109
너를 깨우고 나를 깨우는 코칭 기술,110
조직에서의 의사소통 ABC,111
공서영과 함께하는 자체발광! 셀프리더십,112
마음을 얻는 소통의 심리학,113
미생들의 8가지 마음질병,114
삶을 바꾸는 메모의 기술,115
조직을 변화시키는 팀워크,116
통통 튀는 인간관계와 쫀득한 소통기술,117
"성공조직의 Secret code, 진성리더십",118
나는 '재미난 마을'에 산다,119
길을 잃는 것의 묘미,120
마음을 웃게 하는 글씨가 있다,121
지겨워진 일과 직장 신나게 바꿔드립니다,122
지금은 사랑할 시간,123
'삽질'로 시작하는 도전,124
"당신의 변신은 무죄, 인생 2막을 열어라!",125
산업안전보건교육(현장직) 3분기,126
산업안전보건교육(현장직) 4분기,127
구글+아이폰 200% 업무 활용법,128
60전 60승 성공 신화,129
"10개 핵심동사만 잡으면 영어는 끝! - have, give, take",130
Can you로 부탁하고 Appreciate로 감사하기,131
Can으로 무엇을 할 수 있고 없는가?,132
Have로 구성된 패턴 마스터하기 편,133
Should Must! 넌 해야만 해!,134
SNS 내 맘대로 가지고 놀기 - 네이버 톡,135
Travel English Express,136
What? 무슨일이야 무슨말이야? 편,137
Wonder로 궁금증 해결 해 보기 편,138
"Would you, Could you? 날 좀 도와줘요!",139
가정폭력 예방을 위한 인권 교육,140
성폭력 예방을 위한 인권 교육,141
성매매 예방을 위한 인권 교육,142
최진기의 <생존 경제사>,143
초보자를 위한 재테크 설명서,144
"집중 조명 정보보안, 의뢰인 S(기본편)",145
초일류기업을 만든 고객감동경영,146
MOS Excel 2013 Expert 자격증 따기,147
비즈니스 영어회화 무작정 따라하기 step 1,148
비즈니스 영어회화 무작정 따라하기 step 2,149
멘토와 멘티 모두를 행복으로 이끄는 북극성 멘토링,150
변화와 성공을 위한 자기경영 7 Principles,151
인권경영의 개념과 법적 제도적 보호,152
"핵심인재의 비밀, Strategic Power",153
굿 라이프를 위한 직장인 퇴직연금교육,154
김미경&김해영의 지친 당신을 위한 Self Healing!,155
철학 고전읽기 (1),156
"[Get it Trend] 제4차 산업혁명, 미래 시장을 지배하라!",157
시간관리 비법(秘法),158
스마트한 고객 서비스,159
[생존전략]조선의 왕이 사랑한 자치통감,160
꿈 PD 채인영 입니다,161
스티브 잡스의 창조 카리스마,162
행복한 서비스 불만제로 고객만족 - 응용,163
감정노동을 이해하면 인생이 힐링된다,164
멋진 나! 잘나가는 우리팀 만들기,165
남성과 여성인재 상생으로 회사의 성공에너지 만들기,166
맞팔을 부르는 인스타그램 영어,167
공감! 성공 조직을 위한 긍정 심리,168
"김미경의 힐링톡톡, 자존감을 높이는 긍정 메시지",169
가장 쉬운 스페인어 첫걸음,170
"성희롱, 성폭력, 성매매, 가정폭력 통합 인권 교육",171
"쉬운 토익, 생기초 TOEIC RC",172
비즈니스영어 핵심패턴 233 - 영어회화편,173
앱솔루트 절대 영문법 기초,174
호갱탈출 넘버원! 컴플레인 잉글리시 Part1. 해외 직구,175
호갱탈출 넘버원! 컴플레인 잉글리시 Part2. 해외 여행,176
"젠더감수성, 성희롱 없는 건강한 일터 만들기(성매매, 성폭력예방)",177
"출근길 명화 감상, 긍정 에너지를 얻다",178
일상탈출! 거침없이 떠나는 여행 영어_여행업 종사자,179
10명 중 9명이 틀리는 한글 맞춤법,180
4차 산업혁명과 일의 미래,181
경제신문읽기(NIE) - 나의 가치를 올리는 스마트한 방법,182
성공하는 직장인을 위한 인간관계 클리닉,183
최진기의 지금 당장 경제학,184
"창의적 습관, 아이디어 울렁증을 극복하라",185
"[The Leader] 미들업다운 리더십, 탁월한 조직을 어떻게 만드는가",186
"실리콘밸리, IT천재들의 성공신화",187
"[Get it Trend] 인공지능, 제4차 산업혁명을 리드하라!",188
거인의 어깨 위에 오르다 : 리더는 과거와 현재를 연결시킨다,189
"Let's 유럽, 컬처 코드와 비즈 스토리",190
1%의 핵심인재를 내 사람으로 만드는 조조 리더십,191
"[Get it Trend] 뇌공학, 미래 유망 기술을 선도하라",192
"질문의 기술, 물음표를 느낌표로 바꿔라!",193
디바 제시카의 왕초보 영어 따라잡기 - 기초편 (1),194
메이티엔 중국어회화 입문(2),195
한번에 합격! JLPT N2,196
대한민국 헌법,197
HOW TO TOEIC WRITING,198
샤이니의 모질게 OPIc IM&IH 기본,199
공인중개사_공인중개사법 2017(1),200
[증권시장] 한 눈에 보이는 증권시장 분석,201
본격 자본론 강의 2편,202
"쇼호스트 장문정의 세일즈 화법, 한마디면 충분하다!",203
"CEO, 역사에게 묻다",204
"Step by Step, 현장에서 꼭 필요한 스마트 리더십",205
나는 왜 사라지고 있을까,206
팀으로 일하라,207
"창의적으로 생각하는 방법, 수평적 사고",208
특별한 리더가 되기 위한 실천 대작전,209
성과창출의 지름길! 우선순위 법칙,210
실전! 자신있게 성공하는 아웃바운드 영업 스킬,211
"일 잘하는 비결, Logical & Critical Power",212
No를 Yes로 바꾸는 협상,213
최고의 만족을 이끌어 내는 Win-Win 협상 전략,214
성공과 실패를 결정하는 1%의 시간관리,215
Python 프로그래밍 제대로 배우기 Part 1,216
Python 프로그래밍 제대로 배우기 Part 2,217
초보자를 위한 회계기초,218
Smart와 Stupid의 차이,219
태도의 힘,220
"Smart 공정관리 기법, 생산성 1등 기업의 노하우를 찾아라!",221
우주의 역사,222
팍팍 이해 되는 MS Office Excel 2013(1),223
성공하는 직장인의 탁월한 대화법,224
공학적 글쓰기,225
세무사와 배우는 유익한 생활 세무상식 - 기본,226
"직장인 휴테크, 스마트한 여행의 기술",227
소통 나이스샷! 골프에서 배우는 리더십_리더와 소통,228
국세청이 당신에게 알려주지 않는 세금의 진실,229
스마트한 월급 재테크 30일 트레이닝 (1),230
창업의 진짜 가치를 찾아가다,231
영어 첫걸음 무작정 따라하기(1),232
프로 영업인의 자기관리,233
"회의의 기술, 퍼실리테이션으로 소통을 디자인하라",234
알기 쉬운 인사노무 실무,235
내 맘대로 가지고 노는 MS Office Powerpoint 2010(2),236
"중간관리자 역량마스터, 성과를 리드하는 하이퍼포머로 거듭나라",237
"정보유출 ZERO, 정보맨이 도와주는 정보보안",238
고객의 마음을 얻는 감성 영업,239
"캘리그라피, 아름다운 나만의 문자",240
실무에서 바로 사용하는 Excel 2013 배우기,241
한시로 천 년 전의 중국을 읽는다,242
성공 보스를 보좌하는 Professional 비서실무,243
그림으로 보는 조선의 옛 삶,244
우리 시대에 필요한 노자,245
"대리 역량마스터, 실무를 리드하는 멀티플레이어가 되라",246
포프리쇼 시즌 2 - 05 두려움을 극복하는 용기,247
위기에 강한 기업의 비결! 독서경영 에너지,248
현장에서 통하는 문제해결 비법,249
상사에게 인정받는 보고 커뮤니케이션,250
인권경영의 현실적 운영과 인권경영 사례분석,251
출퇴근 시간에 보는 영화 이야기,252
역사를 바꾼 전쟁사 1,253
New Standard! 통상임금 바로알기,254
서현진이 들려주는 마음 톡톡 감성리더십,255
김주우의 시나공 토익스피킹 단기완성 [New Edition] step1,256
"[Get it Trend] UX, 새로운 라이프 스타일을 디자인하라",257
[팔색쇼] 성과를 지배하는 에이스 직장인 되는 법,258
[팔색쇼] 상처받지 않고 사랑받는 직장인 관계술,259
[팔색쇼] 후회없이 삶을 주도하는 성공습관의 법칙,260
"그래, 여기까지 잘왔다",261
소통은 여자의 마음과 같다,262
"개인브랜드, 당신의 이름을 알리는 가장 효과적인 방법",263
Are You Ok?,264
나는 당신을 봅니다,265
"막강군주의 비밀, 한비자 리더십",266
잃어버린 시간을 찾아서 - 마르셀 프루스트,267
고단한 삶을 자유롭게 하는 쿠션,268
40대를 위한 가슴이 시키는 일,269
하루 10분 영어회화 Speak Out 중급(1),270
하루 10분 영어회화 Speak Out 중급(2),271
실전주식투자기법,272
후흑학 - 뻔뻔함과 음흉함의 미학,273
"[허영만의 꼴] 인상을 바꾸면 인생이 바뀐다, 셀프 얼굴경영",274
새로운 시각으로 본 중국사,275
굿모닝 독학 일본어 첫걸음(1),276
"강점리더십, 성공 리더를 위한 솔루션",277
퍼실리테이션 마스터하기,278
[Must Know] 파워포인트 2007 Intermediate,279
마음을 움직이는 성공 커뮤니케이션 기법,280
셰익스피어 명작 리딩의 재발견 Step 1,281
달콤한 업무꿀팁! 평범한 당신이 비범하게 일하는 기술,282
100문장으로 끝내는 영어회화 무작정따라하기 step1,283
[Must Know] 엑셀 2007 Intermediate,284
하루 5분! 초간단 패턴 영어 1탄,285
[팔색쇼] 지친 내 몸을 살리는 동의보감 건강법,286
귀가 뻥 뚫리는 리스닝 초급,287
(Hi!부터 Bye!까지) 30분간 외국인과 영어로 대화하기,288
실무 jQuery 제대로하기 Part(1),289
일본어 뱅크 다이스키 STEP1 입문,290
말문이 트이는 Green Apple English(1),291
커뮤니케이션 코치 연소장의 스피치TALK!,292
MS Excel 2016 기초 익히기,293
ITQ 한글 2010 자격증 한번에 따기,294
Gwen’s 앤토익 SPEAKING START,295
수익률 극대화를 위한 부동산 금융과 투자분석,296
입을 열어라! Speak Out 초급(2),297
30초 뉴스로 귀 뚫어주는 여자(2),298
아트 스피치 실전편,299
NEW 와꾸와꾸 일본어 입문,300
회식 에티켓과 네트워킹,301
왕 쉬운 왕초보 중국어,302
한 달에 끝내는 영어 메일,303
손에 쥐는 영어 회화 200% 즐기기 - 중급편 (1),304
"직장인을 위한 영어회화, 샐러리시 초급(1)",305
전공략 新HSK 두 달에 5급 따기(1),306
전산회계 2급 자격증 따기 Part 1,307
고객감동을 위한 친절서비스 - 에센스,308
자신감 강화를 통한 생산적 자기혁신,309
Everyday 한 장 토스,310
건강과 다이어트 두 마리 토끼 잡기,311
르네상스 미술이야기,312
삶에 지친 현대인들을 위한 심리학,313
10일 만에 끝내는 여행영어,314
The English Show_News(1),315
종횡무진 한국경제 2편,316
[The Leader] 팀 시너지를 창조하는 협업의 기술,317
거인의 어깨 위에 오르다 : 리더는 혁신을 창조한다,318
"유엔에서 본 세상, 그리고 북한",319
당신에게 통일은 여전히 소원인가요?,320
영어 프리젠테이션 무작정 따라하기 step 1,321
국제무대에서 통하는 REAL(레알) 글로벌 비즈니스 매너,322
조앤박의 초스피드 영어회화 - 기초회화,323
[입이 열리는 토마토크] STEP 1 발음편,324
[입이 열리는 토마토크] STEP 2 기본 어순편,325
맥주소담,326
[입이 열리는 토마토크] STEP 3 시제 및 조동사편,327
[입이 열리는 토마토크] STEP 4 의문문편,328
내 손에 잡히는 English for Finance - Starting Up,329
문화로 읽는 한자,330
"수혈, 불편한 진실",331
최진기의 <생존 경제학원론>,332
"비즈니스 영어, 제가 하겠습니다! Part1. 회의/마케팅편",333
가장 쉬운 독학 일본어 첫걸음 step 1,334
성공 CS전략 내가 행복해야 고객이 행복하다,335
"해결! 딜레마, 실천! 윤리경영",336
"셀프 리더십, 성공으로 이끄는 비전의 힘",337
미래형 팀장을 위한 BIG5 리더십,338
산업안전보건교육(현장직) 1분기,339
산업안전보건교육(현장직) 2분기,340
"감정케어, 상처받지 않은 것처럼 당당하게 일하라(금융편)",341
알기 쉬운 물류실무,342
완전 쉬운 페이스북 사용법 배우기,343
기획력 향상 노하우,344
[SMART 물류] 물류센터 및 재고관리,345
이지성의 스물일곱 이건희처럼,346
고객감동을 위한 친절서비스,347
강한것이 옳은것을 이긴다,348
"사이버 외교관, 반크",349
영화는 좋은데 과학은 싫다고?,350
대한민국은 왜 대통령다운 대통령을 가질 수 없는가,351
"위기 순간에 발견한 성공 DNA, 전사 리스크 관리 해법을 찾아라!",352
하루 15분 정리의 힘,353
"세종리더십 - 소통과 헌신의 리더, 세종",354
이 정도는 알아야 한국인! - 문화소개 편,355
5세대 이동통신 그리고 48시간,356
글쓰기의 두려움을 이기는 법,357
전문가와 함께 배우는 알기 쉬운 정보보안 기초,358
컨설팅으로 접근하는 파워 세일즈,359
스마트 세상의 세일즈 성공비법 - 강화전략,360
"흥부의 고객불만 솔루션, 고객과 커뮤니케이션 하라!",361
7살 아이와 떠난 800km,362
못난이 여행자,363
열정('육일약국 갑시다'의 저자),364
러브송,365
상처와 열등감으로부터 자유로워지기,366
197만 원으로 여섯 식구 신나고 의롭게 살아가기,367
거칠어진 피부 보습해주는 천연팩 만들기,368
부동산 대폭락 시대가 온다,369
"한석봉, 한글 2010 달인이 되다!",370
30년 만의 휴식,371
고득성의 돈관리,372
남편의 점심을 즐겁게 하는 맛난 도시락,373
패션스타일링,374
3000년 중국역사의 어두운 그림자,375
바보 Zone,376
"유대인의 귀중한 삶의 지혜, 탈무드",377
회계 천재가 된 홍대리 3,378
상상경영을 위한 Futuring 기법,379
세바시 아파트 경비아저씨와 더불어 사는 법,380
"고려, 또 다른 전통의 세계",381
전략수립 기본기 Business Toolkit,382
전 사원이 반드시 알아야 할 하도급법,383
배우Go! 성장하Go! 신입사원 최강훈련소,384
똑딱이에서 DSLR까지 만만한 사진강의 - 기본,385
정상에서 만납시다! 셀프 리더십,386
거인의 어깨 위에 오르다 : 리더는 질문을 한다,387
"4차 산업혁명, ICT New Trend",388
정보처리기사 실기 - 데이터베이스 실무응용,389
패러다임을 바꿔라 - 0차 산업이 된 IT,390
종자돈을 활용하여 부자 되는 노하우(1),391
실전! 현장혁신,392
21c 리더를 위한 10가지 원칙,393
"시간 관리의 기술, 쫓기지 말고 흐름을 주도하라",394
"등산경영, 정상에서 배우는 통찰의 지혜",395
[팔색쇼] 비즈니스 천재들의 아이디어 발상법,396
직장내 상위 2%가 되기 위한 비즈니스 노하우,397
꿈이 있는 아내는 늙지 않는다,398
만나고 소통하는 도시가 되려면,399
자기 해방의 글쓰기,400
삶을 만드는 책읽기,401
한반도 통일 : 희망과 현실,402
회계의 원리 [1] - 기업활동과 재무보고의 환경 外,403
ceo처럼 기획하라,404
리딩으로 리드하라,405
사회학 고전읽기 1편,406
공인중개사_부동산공시법 2017(2),407
[팔색쇼] 작가가 들려주는 직장인 글쓰기,408
기린과 코끼리에게 배우는 공생의 기술,409
"창업의 시작, 나에게 나를 묻는다",410
철학과 고전으로의 초대,411
똑딱이에서 DSLR까지 만만한 사진강의 - 기초,412
"다음 10년의 변화, 세상의 모든것을 연결하다",413
행복한 노후 가꾸기 & 생애 설계의 성공법 - 재취업 및 창업,414
"해직기자, 내친김에 창업하다",415
똑딱이에서 DSLR까지 만만한 사진강의 - 실전,416
"로모카메라, 디지털 카메라(DSLR) 활용법",417
똑딱이에서 DSLR까지 만만한 사진강의 - 심화,418
관점 그리고 시작생각,419
아픔이 사람을 키운다,420
"술술 풀리는 이야기 풍류, 술 인문학",421
우리가 몰랐던 동양철학가,422
영화가 주는 치유의 힘,423
개그에서 배운 인생,424
영어의 여신 루시쌤의 비즈니쉬 해외출장영어 기초편 Step 1,425
알면 돈이 되는 직장인 노무상식 - 퇴직 및 4대보험,426
"감성충만CS, 고객과의 행복지수를 높여라",427
"문제 해결의 Smart Frame, Biz-Solver",428
성공닥터 유철수의 맞춤 코칭,429
자기주장에 날개달기,430
S급 직장인의 시간활용기술,431
일본어 초보 탈출! 마법의 300문장(3),432
영화 〈미인도〉로 배우는 창의성,433
고객감동을 위한 CS혁명,434
디지털 세상이 진화하는 방식,435
자신감,436
귀족마케팅,437
입소문의 기술,438
[팔색쇼] 꿀성대 직장인이 되는 보이스 트레이닝,439
인생에 변명하지 마라,440
엄마사람'으로 용기있게 사는 법,441
죽어가는 꿈을 구출하라,442
기업도 가족도 수시로 위기를 맞는다,443
어머니와 감나무,444
워렌 버핏만 알고있는 주식투자의 비밀,445
한국의 개미들을 위한 워런버핏 따라하기,446
인생을 주도적으로 살도록 도와주는 엄마 - 중학교 이후,447
왕따문제를 해결할 수는 없을까?,448
스마트폰으로부터 아이를 구하라,449
"일맘, 당신은 행복해도 좋다",450
"史記 리더십, 고전에서 혁신리더를 배우다",451
심청이와 함께 배우는 똑소리나는 재무회계 첫걸음,452
한글에 대해 알아야 할 모든 것,453
오늘날 미국을 만든 대통령들의 리더십,454
"유네스코가 인정한 유산, 조선의 기록문화",455
글로벌 기업처럼 일하는 방식을 혁신하라!,456
손에 쥐는 영어 회화 200% 즐기기 - 중급편 (2),457
컨설턴트처럼 기획하고 실행하라,458
"재무관리, 기업가치를 논하다",459
쇼펜하우어의 인생론과 에리히 프롬의 인간관,460
선진한국과 개발협력,461
갑상선암의 분류와 치료법,462
말 그림 이야기,463
"알코올, 제대로 알고 마시자!",464
위대한 예술가의 창조전략,465
헤세의 데미안은 왜 우리의 영혼을 사로잡는가,466
재활승마 이론과 실제,467
STAR를 만드는 STAR 학습법,468
"암, 알아야 이길 수 있다.",469
본죽 이야기,470
꼴찌들의 통쾌한 승리 '꼴통쇼'_레이나 편,471
부하직원들이 당신에게 알려주지 않는 진실,472
가족을 위한 생각정리의 기술,473
그들은 그녀들을 모른다,474
모두가 부러워하는 예쁜손톱 셀프 네일아트 기초(1),475
통계가 전하는 거짓말,476
엄마가 발휘할 수 없는 아버지 이펙트,477
"청년, 불공정거래하지마라!",478
부모도 사랑받고 싶다,479
"건강한 가족 되는 비밀, 4L",480
나는 나쁜 엄마입니다,481
길의 여왕 마음을 팝니다,482
"워킹맘을 위한 영양, 비타민D",483
다이어터,484
환자와 정상인의 차이,485
놀던 여자가 잘되는 이유 : 감수성으로 소통하라,486
새로운 물질을 찾아서,487
한국 학생이 겪는 3대 공부 위기,488
"공부의 신, 스펙의 신보다 꿈신이 되자",489
"아깝다, 학원비!",490
대한민국 중2 사용설명서,491
뭐가 되려고 그러니?,492
이제는 스마트 부모 시대!,493
앞으로 멘 배낭!,494
희망을 여행하라,495
꿈은 이루어진다!,496
내가 지구를 한 바퀴 돈 이유,497
Wellness(건강한 삶)은 건강의 핵심이다!,498
인공장기를 프린트하다,499
천 번을 미안해도 나는 엄마다,500
스토리 건배사,501
아름다운 식판,502
가족이 힘을 합하면 무엇이든 이룰 수 있다.,503
아트 스피치,504
"성차별 없는 행복한 직장문화, 열린 性 토론",505
논어감각,506
신라를 뒤흔든 16인의 화랑,507
"사랑이, 내게로 왔다",508
기분 좋게 살아라,509
윤영돈의 한 번에 OK사인 받는 기획서 제안서 쓰기,510
그녀들은 왜 정신과를 찾아간 걸까?,511
앱티즌,512
구글드,513
"두바이, 비전과 창조의 리더십",514
내 아이가 스스로 공부한다,515
밸런스 독서법 응용,516
지식을 거닐며 미래를 통찰하다,517
안티 이코노믹스,518
행복한 자기경영을 위한 잠자는 기술,519
채정호 교수의 남자수업,520
청춘남미,521
부자만 알고 나는 몰랐던 자산 관리법,522
바이시클 다이어리,523
슈즈시크릿,524
은행의 사생활,525
더 가깝지도 더 멀지도 않게,526
팀장수업,527
돈 꼴레오네의 문제해결 방식,528
운명을 바꾸는 10년 통장,529
新일본어 회화 입문,530
글로벌 기업에서 배우는 프리미엄 브랜드 전략,531
실행성과를 높이는 SMART 기획力!,532
공인중개사_부동산세법 - 기초입문 2018,533
공인중개사_부동산학개론 - 기본이론 2018,534
공인중개사_부동산학개론 - 기초입문 2018,535
공인중개사_민법 및 민사특별법 - 기초입문 2018,536
1초에 백만 번 쓰이는 미국영어 - 직장생활 편,537
Gwen’s 앤토익 SPEAKING FINISH,538
팀의 고성과를 찾아 떠나는 팀장리더십,539
아는 만큼 성공하는 Project Management,540
비즈니스 기획력 발전소 - 상상 그 이상의 기획력,541
팍팍 이해 되는 MS Office Powerpoint 2013(1),542
사례로 배우는 자금세탁방지법,543
일상생활에서 할 수 있는 생활마술 - 티슈 & 옷핀,544
뇌는 사람이 중요하다,545
낯익은 생활소재의 재발견,546
"축적의 시간, 능력자의 시대",547
내 삶을 바꾸는 한 발자국,548
세상 모든 영화는 미완성품이다,549
서로가 성장하는 소통의 기술,550
나는 당신이 필요합니다 : 연대에 대하여,551
당신은 지금 어디로 가고 있나요?,552
"미래를 읽는 코드, 기후변화와 재난",553
행복을 원하시나요?: 진정한 휘게의 비밀,554
"초졸 소년, 영화감독이 되다",555
지금 행복하면 내일도 행복합니다,556
"다음 20년, 당신의 도전은 무엇입니까?",557
세상을 바꾸는 것은 청사진이 아닙니다,558
당신은 혁신의 편입니까?,559
이래도 불법 다운로드 하시겠습니까?,560
보는 것이 믿는 것이다? 투명망토 이야기,561
"유혹하는 삶, 삶을 유혹하는 나",562
"믿지 말라, 그리고 질문하라",563
선택은 결과가 아니라 과정이다,564
성공을 위해 실패를 축적하라,565
사랑해도 괜찮게,566
걷기의 미학'과 도시,567
이럴거면 왜 태어난 걸까?,568
한 번도 하지 않은 일 하기,569
문제는 불평등한 성교육입니다,570
철학이 미래를 바꿀 수 있을까?,571
조직의 이익은 나와 무슨 상관이 있을까,572
"이런 도시, 또 없습니다",573
내가 호날두를 만나야 하는 이유,574
함께 행복해지는 길을 찾아서,575
"영화 귀향, 끝나지 않은 이야기",576
"사교육, 함께 끊읍시다",577
가장 쉬운 독학 중국어 첫걸음 step 1,578
직군별 OFFICE 활용 - 마케팅/영업,579
프리미엄 브랜드를 키우는 패션마케팅 전략,580
과학적인 운동과 활기찬 건강,581
"시의 상상력, 상상력의 시",582
NEW 와꾸와꾸 일본어 초급(1),583
"Smart 금융소비자보호, 고객 신뢰를 디자인하라!",584
JRC 도전! 초급 비즈니스 중국어,585
하오하오 중국어회화 입문,586
버전업! 가장 쉬운 베트남어 첫걸음,587
한 달 완성! 비즈 일본어 초급,588
하루 5문장! 비즈니스 중국어 마스터 입문,589
"사회복지, 함께 만드는 행복한 세상을 디자인하다",590
다음팟 인코더로 쉽게 영상편집하기,591
조직을 살리고 리더를 키우는 코칭솔루션,592
[The Leader] 경영의 품격을 창조하는 진성리더십,593
중국 사무실에선 이런 중국어가 통한다,594
"카지노 룰렛, 블랙잭 게임 방법",595
新공략 중국어 프리토킹 (2),596
차이나 키워드,597
하오하오 중국어회화 고급,598
[회계스타] 난생 처음 재무회계,599
애플 콤플렉스,600
"행복한 소통을 만드는 리더의 기술, 감성 코칭",601
기업인수합병(M&A) 실무,602
발달장애인이 세상을 바꿉니다,603
"직장인의 품격, 성공이미지를 창출하라",604
세일즈의 신,605
거인의 어깨 위에 오르다 : 리더는 세상을 감동시킨다,606
'원래 그런 세상'에서 '나'를 찾기,607
당신은 당신이 생각하는 존재가 아니다,608
세상을 서빙하다,609
꿈길에서 절대 빠지면 안되는 세가지 샛길,610
두려움을 제거하는 가장 빠른 방법,611
윈도우 8 처음 사용자를 위한 기초과정,612
한국사 콘서트,613
말하지 말고 대화하라,614
갈등해결의 지혜,615
"김창옥의 포프리쇼, 멋있는 삶을 위한 변화",616
"김창옥의 포프리쇼, 인생을 바꾸는 성찰",617
프로 금융인이 반드시 알아야 하는 금융 경제학,618
"전통시장, 살아남은 것들의 비밀",619
SNS 내 맘대로 가지고 놀기 - 네이트온 톡,620
병법에서 배우는 명장의 조건,621
청춘의 고민 '게으름',622
청춘의 자세,623
한국 경제의 오해와 진실,624
전략적 브랜드 관리,625
"장애, 인권을 만나다",626
회계를 알면 세상이 보인다,627
모질게 토익 Basic LC,628
인재경영을 위한 실전 인사노무 에센스,629
"기업의 미래, 영업 3.0",630
[팔색쇼] 좋아요를 부르는 오피스룩 스타일링,631
행복한 서비스 불만제로 고객만족 - 기본,632
수상한 옛그림,633
프로이트 정신분석학과 현대인의 정신건강,634
"셰익스피어, 인간과 사랑을 말하다",635
쁘리벳 초급 러시아어,636
스마트한 연애를 위한 연애탐구생활,637
"세상의 절반, 그녀들은 어디로 사라졌을까?",638
조직의 성과를 높이는 생산적 업무혁신,639
인물을 통해 보는 인문경영의 창의력,640
팀장 365일 - 변화와 위기관리 매뉴얼,641
"자동차 관리 비법, 여기다 모여있구나",642
SMART 조직을 만드는 매니저의 혁신적 업무 스킬,643
"기적의 Teamwork, 팀으로 일하라!",644
CEO 이순신이 보여주는 성공 경영전략,645
"글로벌 PR, 스토리 Doing",646
배움을 바꾸는 방법,647
"성공기업의 혁신 DNA, 디자인 경영",648
"김창옥의 포프리쇼, 소중한 나를 위한 희망",649
Performance Management를 위한 전략적 성과면담,650
메모의 기술,651
실천! 산업안전 - 제조업,652
"집중 조명 정보보안, 의뢰인 S(실전편)",653
리더를 꿈꾸는 자 미리 준비하라!,654
유필화 교수에게 배우는 Business Insight,655
젊은 Googler의 편지,656
비화로 보는 리더십,657
최강 영업비법만 찍어주는 세일즈 코칭,658
사례로 배우는 서비스 기업의 마케팅 전략,659
김연아의 6가지 성공코드,660
"꿈, 그 이상의 것을 도전하다",661
초보 관리자를 위한 매니지먼트 스킬,662
컨설턴트처럼 비즈니스 라이팅하라,663
성공을 부르는 프레젠테이션 - 기본,664
"신입사원 역량마스터, 회사가 원하는 슈퍼루키가 되라",665
실천! 산업안전 - 건설업,666
행복한 CS달인을 만드는 고객만족 클리닉,667
식품품질관리 실무,668
"데이터로 살펴보는 미래경영, 장영재 교수의 경영 Talk Concert",669
사장이 되는 방법,670
"재치코드, 당신을 기억하게 만드는 힘",671
마음을 움직이는 광고 이야기,672
당신이 다이어트에 항상 실패하는 이유,673
아동학대로부터 비롯되는 것들,674
"쫄지마, 질러봐, 될 거야!",675
"인디아 레이스, 210km를 달리다",676
오라이프로젝트,677
"세계일주 22개월, 사람의 향기를 그리다",678
편안함에 대한 고찰,679
"아리랑, 세계일주 고개를 넘다",680
시속 4킬로미터의 행복,681
자신의 이야기를 가장 멋지게 보여주는 방법,682
Where Theater Begins! : 문화로 크는 아이들,683
클래식 음악을 즐기는 법,684
스스로 세운 벽을 허물다,685
"말의 진정성, 노래에도 있다",686
부모가 알아야 할 더 중요한 것들,687
14일 간의 욕구 발견 프로젝트,688
100년 기업의 변화경영,689
나는 브랜드다,690
Follow up! 인정받는 팀 리더의 액션 플랜,691
"현장혁신 Road map, Innovation으로 경영하라",692
정보사회학자의 미래읽기,693
몽골 이야기,694
철학의 탄생과 최초의 철학자들,695
손에 쥐는 영어 회화 200% 즐기기 - 초급편 (1),696
가장 쉬운 독학 일본어 첫걸음 step 2,697
DIY! 내가 만드는 일본어 회화,698
다락원 뉴코스 일본어 회화 초급 (1),699
다락원 뉴코스 일본어 회화 중급 도약하기 (1),700
우동 끓이기 보다 쉬운 일본어 문법 초급 - 문장표현편,701
유형별 우리아이 마음읽기 - 공격적인 아이,702
하루 15분 도모다찌 일본어회화 초급 step1,703
하루 15분 도모다찌 일본어회화 초급 step2,704
하루 15분 도모다찌 일본어회화 입문 step2,705
도키도키 일본어 작문,706
회화가 강해지는 감정표현 일본어,707
인류의 문명을 바꾼 금속 이야기,708
Cook&Talk! 입이 즐겁고 대화가 맛있는 요리,709
아이폰을 배우자 - 처음 사용자 편,710
(눈치보지말자!) 아이작의 용감한 왕초보 영어 STEP 1,711
한 달에 끝내는 일문법 - 기초편,712
일본어 뱅크 다이스키 STEP5 중급,713
소셜농부가 무엇을 할 수 있을까?,714
회사를 100배 키우는 채용의 기술,715
서양 역사속의 빛나는 여성 리더십,716
하루 3문장으로 일본어회화 Level up! - 사회문화편,717
일본어회화 무작정 따라하기,718
고대신화와 프랑스 문학,719
新일본어 회화 중급 도약하기,720
新일본어 회화 초급,721
新일본어 회화 초급 뛰어넘기,722
초스피드 일본어 문법 step 1,723
역사를 바꾼 전쟁사 3,724
초스피드 일본어 문법 step 2,725
How to JPT 독해편(Part 5-8),726
디바 제시카의 왕초보 영어 따라잡기 - 회화편,727
(Talk!하면 Talk!) 1초만에 영어로 대답하기,728
디바 제시카의 왕초보 영어 따라잡기 - 기초편 (2),729
야누스 한국 경제,730
おいしい 일본어 필수 문법,731
30초 뉴스로 귀 뚫어주는 여자(1),732
"스윙, 흔들려봐야 세상을 흔들 수 있다",733
"유대인의 비밀, 하브루타로 배우는 영어",734
열등감에서 벗어나 나를 사랑하자,735
Vista와 Office 2007 한 번에 마무리하기,736
MS Excel 2016을 이용한 기업서식 작성 실무,737
합격하길 바래! JLPT 실전모의고사 N1,738
Going Going - Starter,739
한 달에 끝내는 일문법 - 문형편,740
ITQ Excel 2010 자격증 한번에 따기,741
오피스 달인 도전 MS Office Excel 2007(1),742
최재훈의 다이어트 요가,743
말문이 트이는 Green Apple English(2),744
"쉬운 토익, 생기초 TOEIC LC",745
하루 3문장으로 일본어회화 Level up! - 생활문화편,746
합격하길 바래! JLPT 실전모의고사 N3,747
Bye Bye 왕초보 영단어,748
정말 쉬운 Biz English (2),749
Bye Bye 왕초보 영문법,750
아는 만큼 맛있는 에피소드 음식문화사,751
시나공 토익 900 넘기기 Listening STEP 2,752
300초 인문학 - 최진석,753
다른 차원에서 이해하는 유럽사,754
"비즈니스 영어, 제가 하겠습니다! Part2. 협상/프레젠테이션",755
가장 쉬운 독일어 첫걸음의 모든 것(1),756
하오하오 중국어 회화 초급,757
현장 talk! talk! Medical Conversation 100 - Everyday,758
新공략 중국어 기초(1),759
新공략 중국어 기초(2),760
新공략 중국어 기초(3),761
영업 고수의 톡톡(Talk!Talk!) 터지는 아웃바운드 영업 비법,762
"Beyond Trouble, 조직을 감동시키는 관계의 기술",763
왕의 남자들 - 조선의 역사를 장식한 인물들,764
라이라이 중국어회화 중급,765
그리스 신화와 자아를 찾아가는 여행 - 신과 인간,766
"기업의 미래경영전략, 윤리경영",767
[Must Know] 파워포인트 2007 Basic,768
선택받기보다는 선택해야합니다,769
"불확실성의 시대, 뛸 것인가, 기다릴 것인가",770
글로벌 리더로 키우는 전략적 품질경영,771
"NBD, 아이디어 실현을 위한 신사업추진방법론",772
1초에 백만 번 쓰이는 미국영어 - 일상생활 편,773
SMART 경영을 위한 전략적 의사결정,774
귀 뚫어주는 남자 - 발음 현상편,775
꼴찌들의 통쾌한 승리 '꼴통쇼'_솔비 편,776
꼴찌들의 통쾌한 승리 '꼴통쇼'_강기태 편,777
꼴찌들의 통쾌한 승리 '꼴통쇼'_유지성 편,778
꼴찌들의 통쾌한 승리 '꼴통쇼'_데니스홍 편,779
꼴찌들의 통쾌한 승리 '꼴통쇼'_김운규 편,780
꼴찌들의 통쾌한 승리 '꼴통쇼'_김봉진 편,781
경영 Guru에게 배우는 최강 업무술,782
세상을 움직이는 글로벌 리더들의 최강 경영술,783
"新 군주론, 마키아벨리에게서 강한 리더십을 보다",784
요구사항 관리를 위한 Use Case Modeling,785
소통 마케팅,786
"승리의 코드, 세계 역사를 바꾼 명장들의 리더십",787
우리 아이 책과 친구 만들고 글짱 만드는 노하우,788
"자녀 행복을 위한 코치되기, 생활 속 성공습관 노하우",789
이런 집 사면 사는 동안 편하고 팔 때 오른다,790
나를 찾아줘 - 5가지 성격 유형 탐구,791
도전하는 열정에 장애는 없다,792
"잘 하는 것, 못하는 것, 하고 싶은 것, 해야 하는 것",793
내 안에 꺼져있는 신경을 깨우는 운동,794
"사랑, 내 삶을 나누는 것",795
당신의 인생을 바꿀 한 사람,796
"3D 프린터, 상상을 제조하다",797
"로봇 똘망, 세상의 골리앗들에게 도전하다",798
희귀병 아들이 아빠에게 알려준 사랑,799
우주 최고 아빠의 진짜 공개입양 이야기,800
만남이 당신의 인생을 바꿉니다,801
너무 바빠서 사랑을 잃어버린 우리에게,802
지금 당신에게 힐링이 필요하다면!,803
진짜 문제를 발견하는 법,804
어떻게 세상의 마음을 얻는가,805
일상의 지리학,806
행복한 논어 읽기,807
꼴찌들의 통쾌한 승리 '꼴통쇼'_이호선 편,808
"S.M.A.R.T 프레젠테이션, 단번에 청중을 사로잡는 설득 노하우",809
"15가지 창의 코드, 명화에서 배우다",810
HTML5와 웹표준 마스터하기(1),811
"[Get it Trend] 사물인터넷(IoT), NEXT 10년을 준비하라",812
Indesign으로 전자책 만들기 Part 1,813
Indesign으로 전자책 만들기 Part 2,814
HTML5와 웹표준 마스터하기(2),815
Indesign으로 전자책 만들기 Part 3,816
PhotoShop CC 특수효과 배우기,817
1인 혁명가가 되라,818
남자아이는 다르게 가르쳐야 합니다,819
나는 언제쯤 성공하고 부자가 될까?,820
백전불패 프레젠테이션,821
자기 혁명을 위한 행복한 변화 창의력 늘리기(1),822
아이 프레임,823
서로를 웃게 만드는 직장인의 직무 예절 - 대화법 편,824
"디지털 빅뱅, 컨버전스로 비즈니스를 혁신하라",825
新HSK 필수 상용어 128구,826
한국의 빛나는 소설가,827
공기업의 가치를 높이는 고객만족경영,828
Build Up! 글로벌 리더로 키우는 건설현장소장 실무,829
Build Up! 판례로 배우는 건설분쟁,830
건설공무 실무와 사례,831
Build Up! 성공 프로젝트를 위한 건설사업관리,832
내 삶의 힘 : 그럼에도 불구하고,833
"김창옥의 포프리쇼, 나를 끌어안는 치유",834
인생은 뜻대로 되지 않습니다만,835
1달만에 중국으로 출장가기,836
"무명배우, 10문장으로 영어강사 되다",837
내 손에 잡히는 English for Engineering - Building Up,838
말문이 트이는 Green Apple English(3),839
내 손에 잡히는 English for Engineering - Starting Up,840
"나는 누구인가 : 플라톤, 데카르트, 스피노자",841
"It’s different, 스마트한 그녀의 유연한 직장 소통법",842
"스몰토크, 센스 있는 대화로 호감을 얻어라",843
"스트레스 관리의 기술, 마음의 근육을 키워라",844
기업이 한 눈에 보이는 재무제표 분석_2015개정판,845
글로벌 기업에서 배우는 토탈 파이낸싱 솔루션,846
"내면을 비추는 거울, 타로 카드 배우기(1)",847
"내면을 비추는 거울, 타로 카드 배우기(3)",848
재미있는 심리이야기 - 직장/사회생활 스트레스,849
건설원가와 리스크관리 실무,850
도키도키 일본어회화 초급,851
응용경제학,852
"열정, 권태, 그리고 성숙",853
내 맘대로 가지고 노는 MS Office Excel 2010(2),854
혁신기업에게 배우는 지속성장의 비밀,855
컨설턴트가 말하는 IT 투자 가이드,856
전문가와 함께 배우는 알기 쉬운 정보보안 실무활용,857
HTML5&JavaScript,858
친구처럼 다정하게 자녀힐링 행복 대화법,859
건설사업관리(CM),860
모질게 토익 Basic RC,861
33토익 337 기본 RC - STEP 1,862
시나공 TOEIC 적중 1000제 L/C(1),863
일본 사무실에선 이런 일본어가 통한다,864
Kate의 토익스피킹 필수표현 100(1),865
eyeCan : 전신마비 환자들의 소통 수단,866
나는 도구다,867
경청은 왜 인간을 위대하게 만드는가?,868
"외상 후 성장, 아픔이 성장이 되는 방법",869
비타민의 불편한 진실,870
"Growing Together, 아이들은 행복해야 합니다",871
소셜미디어의 독한 힘!,872
서로 다름이 융합하면 에너지가 된다,873
"노동, 우리가 알아야 할 것들",874
데이터로 세상이 다시 한번 바뀝니다,875
진짜 스마트하게 사는 법,876
이제는 세금혁명이다,877
"위대한 한국의 유산, 김치유산균",878
컨설턴트처럼 프레젠테이션하라,879
기업이 한 눈에 보이는 실전 인사총무 에센스,880
"희망, 인문학에게 묻다 - 그리스 로마 신화(1)",881
예술작품 속 창의성의 코드,882
MOS PowerPoint 2013 자격증 따기,883
2020 부의 전쟁 in Asia,884
반복의 힘! 쉬운 영어 말하기(1),885
"정보 프로파일링, 이제는 분석력으로 승부하라!",886
조직을 살리는 성공화법 클리닉,887
전문가와 함께 배우는 포토샵 CS5 실전예제 초급(1),888
조직의 성과창출을 위한 Team synergy,889
"S급 인재의 시크릿 코드, 마케팅적 사고로 승부하라!",890
"新 징비록, 거인(巨人) 류성룡에게 배우는 성과창출 리더십",891
"최강 CS 소통법, 고객과의 그린라이트를 켜라!",892
영어로부터의 자유 Freedom from English,893
이념적 소비! 내 지갑을 지키는 지혜,894
학교 덕분에 인생 잘 살았다?,895
안전한 밥상! 행복한 식생활 디자인!,896
소통하려다 불통이 되는 몇 가지 이유,897
"샤넬과 유니클로, 패션의 두 가지 얼굴",898
"글을 진짜 잘써야 하는 사람, 바로 직장인!",899
직장인 일상회화 완전정복 2단계 - 응용패턴편,900
직장인 일상회화 완전정복 3단계 - 기본동사편,901
고객가치를 해결하는 솔루션을 판매하라,902
"아인슈타인이 펼친 신기한 세계, 상대성 이론",903
"케미의 심리학, 대인관계에 그린라이트를 켜라!",904
IT 천재들,905
반하게하라(1),906
북커버 디자인,907
Indesign CC 2015 제대로 배우기,908
컨설팅 고수에게 배우는 문제해결 에센스,909
경영전략을 실행으로 IT거버넌스,910
"직장인을 위한 영어회화, 샐러리시 초급(2)",911
한글 프로그램을 활용한 보고서 작성 실무,912
프로젝트 매니지먼트의 정석,913
명품 서비스를 위한 CS전문가 노하우,914
New JLPT 한권으로 끝내기 N5,915
New JLPT 한권으로 끝내기 N4 (1),916
New JLPT 한권으로 끝내기 N4 (2),917
New JLPT 한권으로 끝내기 N3 (1),918
말과 성격 변화로 자신의 브랜드 가치 높이는 노하우,919
실무에서 바로 사용하는 PowerPoint 2013 배우기,920
마켓리더를 위한 크리에이티브 마케팅_2015 개정판,921
핵심을 꿰뚫는 마케팅 실무 에센스,922
짝퉁전쟁,923
The English Show_Trip(2),924
꼴찌들의 통쾌한 승리 '꼴통쇼'_신동일 편,925
영업은 기획이다,926
나는 까칠하게 살기로 했다,927
상대방을 움직이는 논리적 말하기,928
죽은 생각 버리기,929
소통 나이스샷! 골프에서 배우는 리더십_실천과 촉진,930
탄탄한 기업의 원스탑 채권관리 클리닉,931
프로직장인을 위한 파워포인트 2010 종결자 되기!,932
"백성을 섬긴 왕, 세종이 꿈꾼 나라",933
관계의 심리학,934
15분 만에 부자 되는 방법,935
당신도 결국 알게 될 겁니다,936
감정의 근육을 키워라,937
"김창옥의 포프리쇼, 당당한 하루를 사는 열정",938
포프리쇼 시즌 2 - 01 나를 바라보는 관점,939
실전에 강한 뻔뻔 유통 마케팅,940
"사교의 술, 와인의 이해",941
조윤범의 파워클래식 이야기,942
디바제시카의 비즈니스 영어 이메일 500 플러스 Step 1,943
밥으로 병을 고친다 식사법으로 병을 고친다(1),944
조선 기생의 풍속 생활사,945
기생충 사회학,946
정보보안의 기본과 실전,947
시나공 토익 900 넘기기 Reading STEP 1,948
"[Get it Trend] 빅데이터, 비즈니스의 미래를 읽다",949
세상에서 가장 쉬운 회계학,950
"내 손안에 스마트 세상, 스마트폰 활용전략",951
초대박 토익엔진 LC(1),952
고객의 성공을 돕는 솔루션 영업전략,953
스마트 세상의 세일즈 성공비법 - 상담전략,954
문제를 해결하는 공감과 배려의 소통 비법,955
오피스 달인 도전 MS Office Powerpoint 2007(1),956
오피스 달인 도전 MS Office Powerpoint 2007(2),957
조선의 참모들에게 배우는 위대한 팔로워십,958
레이나의 초스피드 영어회화 초급(1),959
일본어 초보 탈출! 마법의 300문장(1),960
메이티엔 중국어회화 입문(1),961
실무 jQuery 제대로하기 Part(2),962
가장 쉬운 중국어 문법,963
따라하면서 배우는 요술풍선,964
일상생활에서 할 수 있는 생활마술 - 동전,965
재테크 시크릿,966
귀 뚫어주는 여자 - 기본 발음편,967
열린 논어 [03] - 八佾篇 (팔일편),968
이치방 일본어 1단계,969
"52만 6,500자의 메시지",970
공부를 망치다,971
생각지도 못한 생각의 지도,972
클래식과 난타,973
돈이 보이는 재미있는 경제읽기,974
내 심장은 멈추지 않는 엔진이다,975
오픈 시크릿,976
프로젝트 매니지먼트 리더십,977
뭘 원해?는 Desire일까? Want일까? - 너에게 달렸어 편,978
성공하는 사람의 자기계발 전략,979
일개미의 반란,980
한국적인 굿 스타일,981
즐겨라! 영어회의!,982
"경영이슈 탈출, 문제해결의 Secret을 찾아라",983
초보투자자 실전경매 뛰어들기 - 실전,984
스마트한 월급 재테크 30일 트레이닝 (2),985
끌리는 사람으로 만들어주는 스토리의 힘,986
레이나의 초스피드 영어회화 초급(2),987
비즈니스맨의 품격 - 상황별 매너 총정리,988
전통의 재발견으로 신시장을 창출하다,989
커뮤니케이션 자신감 높이는 노하우,990
[ITⓔ코칭] 핵심을 콕 집어 주는 JAVA 프로그래밍,991
MD 기본기 익히기(MD 기본),992
내 맘대로 가지고 노는 MS Office Powerpoint 2010(1),993
"혼이 살아있는 기업, 비전과 가치로 리드하라",994
"집중 조명 정보보안, 의뢰인 S",995
사내강사를 위한 명강사 강의 비법,996
가장 쉬운 러시아어 첫걸음(1),997
"공존의 가치를 품은 태초의 지혜, 동양 신화",998
가장 쉬운 프랑스어 첫걸음,999
NEW 와꾸와꾸 일본어 고급(1),1000
NEW 와꾸와꾸 일본어 고급(2),1001
NEW 와꾸와꾸 일본어 고급(3),1002
봉봉봉 프랑스어 회화 초급,1003
新공략 중국어 초급 (1),1004
소리없이 강해지는 혼잣말 영어 - 기분 표현하기 Inside,1005
영어 첫걸음 무작정 따라하기(2),1006
성공 이미지 창출! 비즈니스 매너 클리닉,1007
"Smart 구매관리 기법, 원가절감 1등 기업의 노하우를 찾아라!",1008
MD 실무 완성하기(MD 심화),1009
실전! 식스시그마,1010
이민영&신영일의 마음을 사로잡는 Speech Show,1011
이제 키워드는 성품입니다,1012
"공부하는 힘, 몰입",1013
나는 미국에 가보고 싶은(?) 영어강사다,1014
"65만 원, 65만 명의 기적",1015
보이스 트레이닝,1016
아이의 지적능력은 엄마의 노력이다 - 유아기,1017
온가족 밥상에 사철놓고 먹는 영양만점 반찬,1018
프리메이슨 비밀의 역사,1019
내안의 아바타를 찾아서,1020
"인문학, 기본틀 속에서의 출발",1021
폭력은 어떻게 다스리는가,1022
하루 10분 비즈니스 영어회화 Speak Out 고급(2),1023
하루 10분 비즈니스 영어회화 Speak Out 고급(1),1024
하루 10분 영어회화 Speak Out 고급(1),1025
하루 10분 영어회화 Speak Out 고급(2),1026
직장인 일상 일본어 회화 무작정 따라하기(1),1027
"Smart Talent, 통섭형 인재되기",1028
"보이스 트레이닝, 매력적인 목소리로 디자인하라",1029
시나공 토익 700 Reading  UP STEP 1,1030
"반드시 通하는 기획서의 시크릿 코드, Business Writing",1031
글로벌 경쟁력창출! 무역실무 에센스,1032
공자의 자녀 교육법,1033
토익이 즐겨먹는 영문법 Top 20,1034
Everyday 한 장 오픽,1035
생산성 향상을 위한 원가절감 에센스,1036
Going Going - Advanced,1037
의외로 쉬운 세련된 부탁표현 편,1038
의외로 쉬운 세련된 충고표현 편,1039
의외로 쉬운 세련된 시간표현 편,1040
의외로 쉬운 세련된 기분표현 편,1041
why? & what?,1042
"통증해소를 위한 건강요가, 기초부터 심화까지",1043
"웰빙마사지 유념법, 압박법",1044
회의가 기다려지는 자신만만! 프레젠테이션,1045
네이티브처럼 말해봐! - 업무처리하기,1046
PhotoShop으로 캐리컬쳐 그리기,1047
사람의 마음을 사로잡는 프레젠테이션 - 제작,1048
사람의 마음을 사로잡는 프레젠테이션 - 발표,1049
[Get it Trend] 옴니채널과 O2O마케팅,1050
"희망, 인문학에게 묻다 - 일본사(1)",1051
"희망, 인문학에게 묻다 - 일본사(2)",1052
관점을 바꾸면 미래가 바뀐다,1053
생각이 바뀌면 삶이 바뀐다,1054
미래 선점 전략! More Mobile세대 트렌드 따라잡기,1055
꼴찌들의 통쾌한 승리 '꼴통쇼'_유난희 편,1056
초보투자자 실전경매 뛰어들기 - 기초,1057
세계경제 도깨비 여행,1058
일본어 무작정 따라하기 - 어휘/발음 편(1),1059
회사가 키워주는 신입사원의 비밀,1060
스마트 CEO를 위한 디지털 라이프,1061
주식투자 하기 전에 알았더라면 좋았을 것들,1062
비즈니스영어 핵심패턴 233 - 이메일&프레젠테이션편,1063
100문장으로 끝내는 영어회화 무작정따라하기 step2,1064
로봇을 발명해도 될까요?,1065
몸과 마음을 바르게 하는 치유요가,1066
피타고라스와 수(數)의 기원,1067
"도전, 혁신과 성과! 나는 IT리더다(Leadership for IT People)",1068
스마트하게 일하라(2),1069
입소문 마케팅,1070
1인 창조기업,1071
누구나 쉽게 아는 마케팅,1072
현업이슈 해결을 위한 전략적 경영분석,1073
소중한 내 피부를 위한 천연비누와 화장품 만들기,1074
MD 실무감각 익히기(MD 실무),1075
자기 혁명을 위한 행복한 변화 창의력 늘리기(2),1076
"Smart TPM 기법, 자주보전 1등 기업의 노하우를 찾아라!",1077
고전과 현대의 혁신리더에게 배우는 성공리더십,1078
팀장 365일 - 목표관리 매뉴얼,1079
Bye Bye 왕초보 영작문,1080
One Minute Tip 생활영어,1081
소리없이 강해지는 혼잣말 영어 - 주변 묘사하기 Outside,1082
영업실무능력개발,1083
"생명의 숨결, 재테크 제대로 알기",1084
우리가 알아야 할 아름다운 성문화,1085
팀장 365일 - 조직관리 매뉴얼,1086
하루 10분 영어회화 Speak Out 입문(2),1087
전공략 新HSK 두 달에 4급 따기(1),1088
[Must Pass] 컴퓨터 활용능력 2급 실기,1089
성공의 원천 - 행복한 가정 만들기,1090
나를 천재로 만드는 독서법,1091
이성용 대표에게 배우는 전략적 비즈니스 스킬,1092
정치철학 특강 1편,1093
정치철학 특강 2편,1094
철학 고전읽기 (2),1095
사회학 고전읽기 2편,1096
사회학 고전읽기 3편,1097
"혁신 CS의 첫걸음, 계도원 박사의 고객만족경영",1098
기업의 지속성장을 위한 종합품질관리(TQM),1099
청소년 심리학,1100
아주 특별한 베트남 이야기,1101
사상체질과 바른 체형,1102
가장 쉬운 중국어 첫걸음의 모든 것 STEP 1,1103
이제는 재무심리를 알아야 한다(1),1104
당신이 영어를 못하는 24가지 이유,1105
스트레스 매니지먼트,1106
네이티브처럼 말해봐! - 샐러리맨의 일상,1107
"가치창조 엔진, 여섯 색깔 모자",1108
알베르토와 함께 알아보는 르네상스 리더십,1109
일 잘하는 당신이 성공을 못하는 20가지 비밀(2),1110
스파르타 신토익 LC 800,1111
스파르타 신토익 RC 700,1112
시나공 TOEIC 적중 1000제 R/C(1),1113
시나공 TOEIC 적중 1000제 R/C(2),1114
시나공 토익 900 넘기기 Listening STEP 1,1115
CF로 생각을 뒤집는 영어 - Snack 편,1116
리얼 스트리트 잉글리시  영어표현 100 + Step 2,1117
리얼 스트리트 잉글리시  영어표현 100 + Step 1,1118
바로 써먹는 직장 영어 - 감정표현 편,1119
입이 트이는 토익회화 - 교통수단 편,1120
순간포착! 미드 속 리얼라이프 - CSI 편,1121
입이 트이는 토익회화 - 쇼핑 편,1122
"환경의 역습, 패션을 바꾸다",1123
한방에 끝내는 포토샵 CS6 따라하기 기본편,1124
실전 원가 반으로 줄이는 법,1125
"윤리적 시선, 삶의 가치를 발견하다",1126
유형별 우리아이 마음읽기 - 의존적인 아이,1127
"상대를 매혹시키는 Happy Calling, 고객 경험을 디자인하라!",1128
내 인생이 보이는 스스로 보는 사주팔자(1),1129
분쟁을 막는 관계매니지먼트,1130
글쓰기 공작소,1131
협상기술을 높여주는 협상력 증강공식,1132
리브랜딩을 위한 디자인 전략,1133
新공략 중국어 초급 (2),1134
新공략 중국어 초급 (3),1135
新 신공략 중국어 실력향상 上 (1),1136
프로직장인을 위한 엑셀 2010 종결자 되기,1137
직장인 중국어 첫걸음,1138
영화와 문학 속 경제학,1139
"꿈을 쪼개라, 보석이 될 때 까지",1140
당신의 혈관이 깨끗해야 하는 이유,1141
편견을 넘어 꿈과 희망에 주문을 걸다,1142
때로는 불협화음도 아름답습니다,1143
영어의 여신 린지쌤의 비즈니쉬 초급 전화 영어 Step 1,1144
영어의 여신 린지쌤의 비즈니쉬 초급 전화 영어 Step 2,1145
초보자도 쉽게 배우는 안드로이드 스마트폰 활용법,1146
전략실행력 강화를 위한 전략성과관리 BSC,1147
글로벌 리더를 키우는 국제 비즈니스 매너,1148
"야구로 배우는 영어, All about MLB!",1149
포기할 줄 아는 청춘이 되라,1150
이찬승 Listening KNOW-HOW : GREEN,1151
이찬승 Listening KNOW-HOW : BLUE,1152
이찬승 Listening KNOW-HOW : RED,1153
제대로 통하는 소셜 마케팅 7가지 법칙,1154
"차태진, 챔피온의 법칙",1155
하루 10분 영어회화 Speak Out 중급(3),1156
"하루 15분 운동, 당신의 몸은 안전합니다",1157
마이니치 10분 일본어 - 필수 단어 편,1158
마이니치 10분 일본어 - 동사활용 편,1159
생각 3.0,1160
끌리는 사람의 백만불짜리 매력,1161
스마트폰중독 예방 및 심리치료,1162
"하이퍼포머, 경영 전략으로 승부하라!",1163
생각을 선물하는 남자,1164
서로 잘 만지고 계신가요?,1165
들으면 잊는다 보면 기억한다 행동하면 이해한다,1166
인문학으로 광고하다,1167
"희망, 인문학에게 묻다 - 한국사(1)",1168
"희망, 인문학에게 묻다 - 한국사(2)",1169
"희망, 인문학에게 묻다 - 한국사(3)",1170
"경제, 알고 보면 미래가 보인다",1171
한 번에 통과되는 전략적 보고 기법,1172
매력으로 리드하라,1173
재미있게 <Fun> 일하는 사람이 성공한다(2),1174
"친구들아, 1년만 미쳐보자",1175
"미래를 준비하는 업무방식, 스마트워크",1176
내일을 위한 스텝을 밟으십시오,1177
마음껏 꿈꾸고 계획하고 행동하라,1178
일단 그냥 시작할 것,1179
한 달에 끝내는 영어 협상,1180
한 달에 끝내는 영어 회의,1181
일본어 무작정 따라하기 - 어휘/발음 편(2),1182
NEW 와꾸와꾸 일본어 중급(1),1183
청소년 문제 이해와 상담 접근,1184
고선문의 스크린 중국어회화,1185
"Amor fati, 니체의 운명 사랑론",1186
직장인 일상회화 무작정 따라하기 - 상황편(1),1187
영업달인의 고객 발굴하는 7가지 노하우,1188
영업달인의 충성고객 만드는 6가지 비법,1189
영업사원을 위한 유머 화법,1190
[Must Know] 엑셀 2007 Advanced,1191
독서경영,1192
대한민국 CMO에게 전하는 말,1193
도시와 영화 : 부산국제영화제를 중심으로,1194
걷고 싶은 도시 만들기,1195
위기와 기회,1196
"경연, 왕의 공부",1197
시나공 TOEIC 적중 1000제 L/C(2),1198
초대박 토익엔진 RC(1),1199
스파르타 신토익 Power START RC,1200
내 손에 잡히는 English for Finance - Building Up,1201
재미있는 심리이야기 - 사람들의 감정읽기,1202
팍팍 이해 되는 MS Office Excel 2013(2),1203
Illustrator CC 2015 제대로 배우기,1204
비행로봇에 꿈을 담아 날리다,1205
20일에 끝내는 영작의 기술(1),1206
20일에 끝내는 영작의 기술(2),1207
"인공지능, 인간지능으로 바라보다",1208
비주얼씽킹으로 하는 생각정리 기술,1209
웃음으로 만드는 소통 리더십(1),1210
웃음으로 만드는 소통 리더십(2),1211
렉티오리딩,1212
"반갑다, 인문학",1213
보험 다이어트,1214
라이라이 중국어회화 초급,1215
동양역사속의 불세출 여인들,1216
중국어 현지회화 무작정 따라하기,1217
조선의 법의학과 풍속,1218
하루 2문장으로 끝내는 중국어 회화 첫걸음,1219
중국어회화 핵심패턴 무작정 따라하기 STEP 2,1220
창의성의 또다른 이름 트리즈 TRIZ,1221
직장인의 업무수행능력 높이기,1222
[Must Know] 워드 2007 Intermediate,1223
"사랑, 사람을 변화시키는 힘",1224
실컷 울고나면 알게되는 것,1225
나는 이 상처에 굴하지 않겠다,1226
자유가 없는 나라의 공부,1227
기분 좋은 뇌가 공부도 잘한다,1228
대학 가지 말고 대학을 만들자,1229
젊은 세대의 양성혐오를 읽는 몇 가지 코드,1230
가족이 되어가는 시간,1231
"상현아, 적당히 처먹어라!",1232
남편을 워킹파파로 만드는 법,1233
상상하지 말라. 그리고 관찰하라,1234
언어의 지배를 알면 NPO가 보인다,1235
"관심, 깨달음 그리고 변화",1236
1분 자기경영,1237
오은영 박사의 워킹맘 육아 희망교실,1238
성공 비즈니스를 디자인하는 Biz 커뮤니케이션 스킬,1239
2인자형 리더십이 필요한 시대,1240
가장 쉬운 포르투갈어 첫걸음의 모든 것(1),1241
Insight about Korea – Koreans & Culture,1242
순간포착! 미드 속 리얼라이프 - 프렌즈 편,1243
"영어동사,전치사 무작정 따라하기 STEP 1",1244
영어의 여신 루시쌤의 비즈니쉬 회의 영어 Step 1,1245
하루 10분 비즈니스 영어회화 Speak Out 입문(1),1246
세계인과 함께 보는 한국 문화 교과서,1247
생생 고전물리학,1248
창세기로 철학하기,1249
본격 자본론 강의 1편,1250
이탈리아 르네상스 미술사,1251
명화의 비밀,1252
인문학여행 - 동서양을 만든 고전의 향기,1253
[ITⓔ코칭] DB엔지니어와 개발자를 위한 Oracle 11g SQL,1254
쁘리벳 중급 러시아어,1255
쁘리벳 러시아어 회화 초급 뛰어넘기,1256
버전업! 가장 쉬운 아랍어 첫걸음,1257
가장 쉬운 이탈리아어 첫걸음의 모든 것(1),1258
SMART 경영을 위한 전략적 기술경영(MOT),1259
심리학 테라피,1260
New JLPT 한권으로 끝내기 N1 (1),1261
HOW TO 일본어능력시험 N1 [문법ㆍ청해],1262
스마트 세상의 세일즈 성공비법 - 발굴전략,1263
Phone English Cafe - Espresso(1),1264
영화제를 알면 세상이 보인다,1265
천 원의 자존감,1266
리본아트 초급(1),1267
직군별 OFFICE 활용 - 재무/회계,1268
알면 돈이 되는 직장인 노무상식 - 일반,1269
알면 돈이 되는 직장인 노무상식 - 임금,1270
10년차 선배가 5년차 후배에게,1271
힘을 빼면 행복이 보입니다,1272
당신의 가치를 높이는 이미지 설계 전략,1273
내 아이의 두뇌를 이해한 맞춤양육,1274
"우리가 연애를 할 때, 알아야 할 이야기들",1275
서로의 눈을 마주 보는 것이 재능나눔입니다,1276
선물포장 초급(1),1277
내게 소중한 세 가지,1278
사랑에 빠지지 않고서도 사랑할 수 있다?,1279
고객가치 혁신을 위한 성공 CRM 전략,1280
"로봇, 인간을 구하다",1281
신화와 인간 - 신들의 왕 제우스의 12가지 리더십,1282
초보자도 쉽게 배우는 윈도우 7(1),1283
"칼 대지 않는 성형, 컬러",1284
"Change Your Body, Change Your Life!",1285
스쿼트 1000개의 기적,1286
요즘 대세 바리스타 따라하면서 배우기(1),1287
한 번 붙으면 떨어지지 않습니다,1288
우리 제자 마음 바라보기,1289
즐기려는 자! 압박의 무게를 견뎌라,1290
우리를 변화시키는 진정한 힘은 무엇일까요,1291
나는 지금이 가장 예쁜 여자입니다,1292
S급 대리의 관리스킬,1293
가장 쉬운 영어 첫걸음의 모든 것(1),1294
아이들은 놀이가 밥이다,1295
HOW TO MAKE HAPPY WORK,1296
내 안의 두려움을 극복하는 법,1297
스트레스를 디자인하라,1298
초보자를 위한 인터넷 100% 활용하기(2),1299
왜 그렇게 살았을까,1300
마케팅 카사노바,1301
닌텐도 이야기,1302
인생 10년을 바꾸는 하루 10분 습관,1303
생존경쟁력,1304
행복한 3 Age를 위한 은퇴설계,1305
[Must Know] 워드 2007 Basic,1306
I LOVE YOU 기적을 만들다,1307
직장을 떠날 때 후회하는 24가지,1308
데이터의 홍수 속에서 길을 찾다,1309
감정적 알고리즘,1310
"스마트 시대, 행복의 진화",1311
컨설턴트처럼 보고하고 프레젠테이션하라,1312
8의 마법,1313
한눈에 보는 유럽연합,1314
CF로 생각을 뒤집는 영어 - Beer 편,1315
리마커블 서비스,1316
경영성과를 높이는 전략적 임원리더십,1317
음식으로 보는 러시아 문학의 코드,1318
MS Word 2016 기초 익히기,1319
비즈니스 실무영작 무작정 따라하기 step 1,1320
서로를 웃게 만드는 직장인의 직무 예절 - 공공장소 편,1321
기업 재창조를 위한 성공경영전략,1322
초보자도 쉽게 배우는 윈도우 7(2),1323
떨리지 않아요! 엄두나는 아침밥상 차리기,1324
와인과의 첫 스킨쉽,1325
수익률 향상을 위한 부동산 금융자산관리기법,1326
생각하는 미친놈,1327
반짝반짝 빛나는 셀프 메이크업 따라하기,1328
하루 4문장으로 일본어 회화 START,1329
순간포착! 미드 속 리얼라이프 - 프리즌브레이크 편,1330
직장인 또라이 대처법,1331
나는 대단한 꿈을 꾸지 않겠다,1332
"양이 사자가 될 때, 세상이 바뀝니다",1333
열린 논어 [01] - 學而篇 (학이편),1334
열린 논어 [02] - 爲政篇 (위정편),1335
직장인을 위한 오페라 입문,1336
시나공토익 핵심문법 공략,1337
중국출장! 김차장의 이문화 정복기,1338
이순신 이기는 원칙,1339
지루한 일상에 양념치기,1340
우리가 모에 캐릭터에 끌리는 이유,1341
버전업! 가장 쉬운 태국어 첫걸음(3),1342
EA 도입과 활용을 위한 A to Z,1343
영어회화 핵심패턴 무작정 따라하기 초급(1),1344
컨설턴트에게 배우는 신사업 전략 Tool Box,1345
비즈니스 경쟁력 확보를 위한 EA와 SOA의 활용,1346
컨설턴트처럼 공감하고 커뮤니케이션하라!,1347
영어천재가 된 홍 대리,1348
"속성 토익스피킹, 10분안에 레벨 업그레이드 하기 - Part 4",1349
한 달에 끝내는 친절한 회화영문법,1350
살맛나는 자녀교육 유머(1),1351
어렵지 않아요! 부부힐링 행복 대화법,1352
팍팍 이해 되는 MS Office Word 2013(2),1353
나는 '적정한'기술로 논다!,1354
휴머노이드 : 축구선수에서 구조대까지,1355
"버클리 뮤지션, 발명가가 되다",1356
발명이 범죄를 해결한다!,1357
대한민국 헌법 제1조를 읽는 세 가지 방식,1358
노벨상 얘기 그만해야 노벨상 나온다,1359
자기 삶의 주인이 되는 책 읽기,1360
여러분께 고백합니다,1361
"세상을 바꾸는 사람들, 퍼플피플",1362
세상을 바꾸는 통찰안경 이야기,1363
세상을 바꾸는 지도 만들기,1364
세상을 바꾸는 이들이 일하는 방식 Team of Teams,1365
상담이론,1366
삶의 정도,1367
"나의 역량, 조직의 성과를 요리하라",1368
문무겸전(文武兼全)으로 생존하라,1369
"인문학여행 - 인생에 주는 최고의 선물, 지성인",1370
"25년의 도전, 나만의 업(業)을 창조하다",1371
비즈니스 영어회화 무작정 따라하기,1372
[SMART 물류] 국제운송관리,1373
[SMART 물류] 물류산업과 물류정책,1374
사주팔자란 무엇인가?(1),1375
헌법의 가치,1376
시집가는 딸에게,1377
진짜 공부는 서른에 시작된다,1378
현장이슈 해결을 위한 TOC 생산관리,1379
가장 쉬운 중국어 첫걸음의 모든 것 STEP 2,1380
가장 쉬운 독학 중국어 첫걸음 step 2,1381
"포프리쇼 시즌 2 - 03 누구보다 귀한 나, 자존",1382
포프리쇼 시즌 2 - 02 나를 알아가는 자각,1383
포프리쇼 시즌 2 - 04 상대를 알아가는 소통,1384
네이티브처럼 말하는 영어발음 훈련,1385
세상의 하루에 한시간을 더하다,1386
40대 인생경영,1387
로봇과학자의 SF영화 해설,1388
일상생활에서 할 수 있는 생활마술 - 지폐,1389
"트위터 + 페이스북, 내 영어를 부탁해!",1390
조직의 성과혁신을 위한 전략적 직무관리,1391
일본문학의 어제와 오늘,1392
우동 끓이기 보다 쉬운 일본어 문법 초급 - 문장구성편,1393
일본어 초보 탈출! 마법의 300문장(2),1394
TOEIC 초급 20일 과외 야무지게 끝내기,1395
이슈 경제학,1396
"플랫폼 시대, 어떻게 살아남을 것인가?",1397
아나운서처럼 매력있게 말하기,1398
조직을 죽이고 살리는 리더의 언어,1399
"마흔, 첫사랑에 빠지다",1400
탁월함에 이르는 노트의 비밀,1401
하루 10분 메이티엔 중국어회화 중급 step 1,1402
경제를 보는 두 개의 눈,1403
명품사원의 품격 - 비즈니스 매너,1404
비전 헬퍼 이지성에게 배우는 성공 리더십,1405
모바일 혁명이 만드는 비즈니스 미래지도,1406
"뭉쳐야 사는 영단어 - IT, 최신 비즈니스 편",1407
와인의 달인! 와인 마시는 법은 없다(1),1408
실무 jQuery 제대로하기 Part(3),1409
"자신없는 상황, 센스있게 피해가기 편",1410
ITQ 엑세스2010,1411
"회계관리, 기업의사결정을 논하다",1412
감시에서 관심으로,1413
"100세시대, 행복한 미래는 평생 현역에 있다",1414
조앤박의 초스피드 영어회화 - 일상생활,1415
경영현장에 출사표를 던져라! 삼국지로 배우는 경영의 기술,1416
김대리와 함께 배우는 베트남 출장 성공비법!,1417
안데스와 대서양 사이 탱고의 나라 아르헨티나,1418
"한국사회, 동양 철학에 묻다",1419
"7일간의 이문화 정복, 인도네시아 탐방기!",1420
10년 해도 안되는 영어회화 첫걸음,1421
경매보다 좋은 부실채권(NPL)투자,1422
건강하고 행복해지는 용서이야기,1423
Phone English Cafe - Caffe Latte(1),1424
사랑도 맞춤법이 필요하다,1425
창의력은 '우리 사이'에서 나온다,1426
클레이로 만드는 재밌는 동화이야기,1427
공은 사람을 기다리지 않는다,1428
"문화, 통일의 길을 열다!",1429
포기하지 않으면 꿈은 이뤄진다!,1430
21세기에 과학과 함께 살아가기,1431
생긴 대로,1432
나가수에 열광하는 이유 [트렌드와 진정성],1433
모두가 행복한 옥상의 비밀,1434
134cm로 쏘아올린 희망,1435
중년예찬,1436
내 인생의 혁신 삼성전자를 떠나다.,1437
달콤한 유혹 홈베이킹 - 케이크 만들기,1438
베토벤으로 세상을 바꾸자,1439
성공을 부르는 아름다운 습관,1440
Word Master 600(1),1441
직업을 버리고 꿈을 찾다,1442
진정으로 막힘없이 사는 법,1443
"감성터치, 마음을 치유하는 Classic Story",1444
보통사람들의 투자학,1445
피트니스가 내 몸을 망친다,1446
"희망, 인문학에게 묻다 - 사회계약론(1)",1447
꿈꾸는 카메라: Dream Drives Action!,1448
내 인생을 바꾼 질문에 답하다!,1449
난세에 답하다,1450
"새로운 책 읽기, 소셜 리딩(Social Reading)",1451
"나를 찾는 시간, 갭이어",1452
"공자와 손자, 역사를 만들고 시대에 답하다",1453
실무사례를 통한 프로젝트 관리 기법의 적용과 해법,1454
탄소 비즈니스 스쿨(Carbon MBA),1455
인문학에서 바라보는 스트레스 관리하기,1456
生生 기업현장! 잘나가는 경리들의 실무 엿보기_2015 개정판,1457
회계의 원리 [2] - 재고자산 회계 外,1458
인물을 통해 보는 인문경영의 통찰력,1459
거짓말처럼 빨라지는 독해법,1460
마이니치 10분 일본어 - 말문떼기 편,1461
팀장 365일 - 성과촉진 매뉴얼,1462
주식시장을 움직이는 탐욕과 공포의 게임,1463
초보투자자 실전 주식 및 ETF 단기 과정(1),1464
아름다운 동행을 위한 행복한 하도급법,1465
철학의 끌림,1466
보르헤스의 지팡이,1467
조조처럼 스윙하고 유비처럼 라운딩하라,1468
스마트하게 일하라(1),1469
하루 10분의 기적,1470
당당한 신입사원의 7가지 습관,1471
굿 스타일,1472
회사가 붙잡는 사람들의 1% 비밀,1473
신입사원 5주 훈련소,1474
평생 갈 내 사람을 남겨라,1475
일 잘하는 당신이 성공을 못하는 20가지 비밀(1),1476
지금 당장,1477
인맥 관리의 기술,1478
CEO 꿈의 연봉에 도전하라,1479
나는 옳다,1480
내 인생의 첫 책쓰기,1481
젊은 구글러가 세상에 던지는 열정력,1482
노 시크릿,1483
서른 번 직업을 바꿔야만 했던 남자,1484
성공을 바인딩하라,1485
건강경영,1486
"기획, KISSS하라",1487
경쟁에서 완벽하게 살아남기,1488
보이스 오디세이,1489
세월이 젊음에게,1490
커리어위너,1491
마법의 5년,1492
나는 샌프란시스코로 출근한다,1493
프로세스 씽킹,1494
마이 포트폴리오,1495
세너지,1496
성공미학,1497
지식의 재구성,1498
시나리오 플래닝,1499
격을 파하라,1500
앨빈 토플러처럼 생각하는 법,1501
지식의 대융합,1502
상상하여? 창조하라!,1503
다빈치가 그린 생각의 연금술,1504
꼬리가 개를 흔든다,1505
THINK BETTER,1506
한바탕 웃기기,1507
한근태의 조직을 죽이고 살리는 리더의 언어,1508
스티브 잡스의 본능적 프레젠테이션,1509
소통의 비책,1510
회의를 잘하는 법,1511
회사어로 말하라,1512
카네기식 휴먼스피치,1513
타운미팅 커뮤니케이션,1514
새로운 미래가 온다,1515
티몬이 간다,1516
미래를 읽는 9가지 방법,1517
세계는 울퉁불퉁하다(2),1518
세계는 울퉁불퉁하다(1),1519
아마존닷컴 경제학,1520
이제는 유럽이다,1521
"페이스북, 무엇이고 어떻게 활용할 것인가",1522
세컨드 브레인 스마트폰으로 성공하라,1523
소셜리더가 되라,1524
트렌드 워칭,1525
제 4의 불,1526
대한민국 욕망의 지도,1527
감성 지식의 탄생,1528
유럽미술관산책,1529
소비자 행동의 이해 : 마케팅적 접근,1530
버전업! 굿모닝 일본어 현지 회화(1),1531
다락원 뉴코스 일본어 회화 초급 뛰어넘기 (2),1532
New 경제기사로 배우는 Economic Thinking 2.0,1533
상처받은 이들을 위한 사회학,1534
알기 쉽게 다가가는 인문학 나들이 - 인문학의 역사,1535
S급 커리어우먼의 성공방정식,1536
"뷰티트렌드크리에이터, 세계로 도전하다",1537
Adobe Lightroom CC 2015 입문 Part 1,1538
사람들을 춤추게 하는 퍼실리테이션,1539
컴패션은 세상을 바꾼다,1540
"도시락, 세상을 구하다",1541
"학습장애, 공부를 못하는 천재들",1542
힐링이 아니라 빌리빙이다,1543
MD로 입문하기(MD 입문),1544
초짜 미생들을 위한 눈치코치 직장매너,1545
프로젝트 리스크 매니지먼트,1546
중국어 문법 야무지게 끝내기,1547
1달만에 중국생활 적응하기,1548
영어회화 핵심패턴 무작정 따라하기 입문(1),1549
정말 쉬운 Biz English (1),1550
일본어 뱅크 다이스키 STEP3 초급,1551
일본어 뱅크 다이스키 STEP4 초급,1552
면접위원이 알아야 할 면접스킬,1553
나의 자산을 코디하라,1554
"희망, 인문학에게 묻다 - 사마천의 사기(1)",1555
"희망, 인문학에게 묻다 - 사마천의 사기(2)",1556
"희망, 인문학에게 묻다 - 사마천의 사기(3)",1557
"희망, 인문학에게 묻다 - 사마천의 사기(4)",1558
"희망, 인문학에게 묻다 - 사마천의 사기(5)",1559
"장애, 거기서부터가 희망이었습니다",1560
[입이 열리는 토마토크] STEP 6 기본 문장 구조로 말하기,1561
야구의 추억 : 한국 프로야구의 영웅들,1562
공인중개사_부동산공시법 - 기초입문 2018,1563
공인중개사_부동산공법 - 기초입문 2018,1564
입을 열어라! Speak Out 중급(1),1565
입을 열어라! Speak Out 중급(2),1566
말랑말랑 라이프,1567
다섯 글자 중국어로 쉽게 말하기 Step 2,1568
고객가치를 경영하라,1569
"사회학의 재발견, 일상에서 통찰을 만나다",1570
당신의 비즈니스 모델은 무엇입니까?,1571
"뭉쳐야 사는 영단어 - 경제, 금융 편",1572
죽은 경제학자와 만나기,1573
"희망, 인문학에게 묻다 - 한국사(4)",1574
감성으로 새로운 시장을 창출하다,1575
SNS 내 맘대로 가지고 놀기 - 마이피플,1576
"7000여개 섬으로 이루어진 신흥공업국, 필리핀",1577
행복한 빠띠시에 홈베이킹 - 케이크 만들기,1578
가장 쉬운 독학 베트남어 첫걸음 step1,1579
일상생활에서 할 수 있는 생활마술 - 고무줄 & 로프,1580
명품사원의 품격 - 통신 매너,1581
임병용교수의 생생 스피치 교실,1582
벗어야 산다,1583
문인의 초상,1584
오은영 박사의 행복한 부모를 위한 우리 아이 행동코칭,1585
팍팍 이해 되는 MS Office Word 2013(1),1586
The English Show_Pops(1),1587
하루 10분 영어회화 Speak Out 초급(1),1588
하루 10분 영어회화 Speak Out 초급(2),1589
하루 10분 영어회화 Speak Out 초급(3),1590
팍팍 이해 되는 MS Office Powerpoint 2013(2),1591
33토익 339 TOEIC 실전 LC - STEP 1,1592
고객의 경험을 디자인하라,1593
코즈 마케팅,1594
내 인생이 보이는 스스로 보는 사주팔자(2),1595
내 인생이 보이는 스스로 보는 사주팔자(3),1596
맥주의 품격,1597
강연의 탄생,1598
"백수청년, 독서로 꿈을 이루다",1599
종교심리학과 신비주의,1600
NEW 와꾸와꾸 일본어 초급(2),1601
NEW 와꾸와꾸 일본어 중급(2),1602
말하기와 글쓰기 어떻게 할까,1603
영어 모국어화 훈련법,1604
초보자도 쉽게 배우는 한글 2010(2),1605
초보자도 쉽게 배우는 한글 2010(3),1606
공인중개사_민법 및 민사특별법 - 기본이론 2018,1607
공인중개사_부동산중개사법 및 중개실무 - 기본이론 2018,1608
Three Easy Steps to World Peace,1609
Joy Becomes You,1610
Creative Innovation의 9가지 원칙,1611
당신의 가슴에는 어떤 이야기가 있습니까?,1612
Idea Doctor의 아이디어 탐방,1613
정치가 절대 버려서는 안 되는 것,1614
희망의 진원지를 찾아서,1615
세계를 정복하려면 지도를 사라,1616
누가 나를 내시로 만들었소,1617
사진으로 삶을 아름답게 하는 힘,1618
"세상을 지배할 전문가의 새이름, 브리꼴레르",1619
놀이로 세상을 바꾼다!,1620
리액션이 가장 강력한 액션이다,1621
다섯 글자 중국어로 쉽게 말하기 Step 1,1622
중국어 첫걸음 대박패턴100,1623
경제기사로 배우는 Economic Thinking,1624
"10개 핵심동사만 잡으면 영어는 끝! - get, do, go",1625
Top Team 양성을 위해 이규창 코치가 떴다,1626
초보티 내지말자! 직장 영어 정복기,1627
"희망, 인문학에게 묻다 - 불교(1)",1628
사랑스런 우리 여보 도시락 만들기,1629
당신은 디지털 성폭력의 가해자가 되겠습니까?,1630
당신은 왜 강아지를 키우세요?,1631
내가 안톤 오노에게서 배운 것,1632
무대보다 무대에 이르는 그 여정이 더 아름답다,1633
고객가치 혁신을 위한 성공 CRM 전략(실전편),1634
디자인 파워,1635
서른살이 심리학에게 묻다,1636
글로벌 기업에서 배우는 B2B 마케팅,1637
MS PowerPoint 2016을 이용한 비즈니스 실무,1638
"$1,000 게놈",1639
자기경영 콘서트,1640
스티브 잡스 iMind,1641
0.1그램의 희망,1642
커피 한잔으로 배우는 경제학,1643
4개의 통장,1644
무삭제 심리학,1645
거인과 싸우는 법,1646
지금 당장 원자재 공부 시작하라,1647
삼성을 이기는 강소기업 전략,1648
경영의 신,1649
미니멈의 법칙,1650
경제 지식의 힘,1651
내 아이가 만날 미래: 어떻게 준비할 것인가?,1652
우리 아이를 미래형 인재로 키워라!,1653
모멸감을 넘어서려면,1654
모멸감과 자존감,1655
스파르타 신토익 Power START LC,1656
주인의식과 애사심으로 뭉친 신입직원 되기(1),1657
'미美' 생물과 '미微' 생물 사이에서,1658
한국인 가족과 잘 사는 법,1659
과학연구의 허와 실,1660
"우리 의학교과서의 세계진출, 그 15년의 기록",1661
"블로그, 의사의 인생을 바꾸다",1662
"한글, 그 가능성을 보다",1663
도전에 중퇴는 없습니다,1664
재미있게 <Fun> 일하는 사람이 성공한다(1),1665
그림 그리기를 포기한 당신에게,1666
사회 초년생과 은퇴자를 위한 재테크 길라잡이,1667
"온리원, 세상의 단 하나뿐인 삶",1668
"미래의 한국기업, 무엇이 필살기인가?",1669
다섯 글자 중국어로 쉽게 말하기 Step 3,1670
자기의 욕망에 집중하라,1671
최고가 되겠다고 결심하라,1672
필수 통장을 활용한 재테크,1673
"Follow your Dreams, not the Trends",1674
어떻게 살 것인가,1675
100억 부자가 말하는 부의 미래지도,1676
W TOEIC Speaking START D-20,1677
현장 talk! talk! Medical Conversation 100 - Basic,1678
디카에 꼭 필요한 마무리! 포토샵 배우기 중급(1),1679
나만의 활을 쏘다,1680
"가치있는 소리, 잊혀지지 않는 소리",1681
한국인의 발명 DNA,1682
"혜원 신윤복, 아는 만큼 보인다",1683
성공 기업의 브랜드 마케팅 전략,1684
도약을 준비하는 브랜드 전략,1685
개인의 형성,1686
음악하며 산다는 것은,1687
[SMART 물류] 수송시스템의 이해,1688
"속성 토익스피킹, 10분안에 레벨 업그레이드 하기 - Part 5-6",1689
비전 제로’와 완전자율주행기술,1690
금융인을 위한 지금 당장 써먹는 경제학,1691
성공 피하지말고 부딪쳐라,1692
위험을 예방하고 위기에 대처하는 법률 실무,1693
사랑의 돌봄은 기적을 만든다,1694
Live with a sense of Wonder,1695
보지 못하는 것을 보다,1696
소녀에서 엄마로 살기까지,1697
기생충으로 본 남녀관계,1698
나를 이끌어주는 비밀노트,1699
"황금발, 황당하고 궁금한 발명이야기",1700
우리 모두를 위한 기술 개발,1701
제작에서 상상으로,1702
공간에 커뮤니티를 입히다,1703
에너지와 미래사회 변화 : New Wealth,1704
경이와 통찰 : 위대한 연구는 무엇으로 시작되는가?,1705
"상상, 어디까지 해봤니? 가상현실이 바꾸는 미래",1706
"공부의욕, 아이의 사춘기를 대비하는 힘",1707
선생은 학생이다,1708
인기있는 선생님이 되는 방법,1709
사교육 걱정 없는 세상은 반드시 옵니다!,1710
놀이가 펼쳐지도록 도와줄래요,1711
"빠밬이 : 우린, 진짜로 해보며 배운다!",1712
나니아 연대기로 국어수업을 한다고?,1713
우리에겐 얼굴이름이 있다,1714
욕망이 과목이 되는 대학,1715
천재들의 창의성이 우리들의 상식이 된다,1716
차별의 대가에서 소통의 달인으로,1717
교무실이 행복해야 학교가 즐겁다,1718
아들의 꿈을 향한 발차기를 응원합니다,1719
내 수업은 어디로 향하고 있는가?,1720
입학사정관제 3대 대비전략,1721
당신의 경험을 나누어 주세요,1722
학원가니? 학습놀이터로 공부하러 와!,1723
작은 점 하나가 위대한 시작입니다,1724
수업에서 아이들은 어떻게 배울까?,1725
용을 물리칠 수 있다고? : 동화가 줄 수 있는 것,1726
신의 입자를 찾아서,1727
배움이 마술로 변하는 순간,1728
융합과 창의의 미래형 교실을 만들자,1729
학급을 경영하다,1730
우리는 마을에서 논다!,1731
"시골 촌놈들, 아이스하키를 배우다",1732
선생님을 위한 헌정 교향곡 No.9,1733
프레젠테이션은 커뮤니케이션이다,1734
CEO의 마음으로 선한 영향을!,1735
당신은 나를 이길 수 없습니다,1736
HAPPINESS IS A CHOICE,1737
이스라엘의 창조정신 '후츠파'에서 배우다,1738
재미있고 의미있는 일을 하면 돈이 따라온다,1739
"공대생 사춘기, 창조경제를 낳다",1740
소비자가 바라는 세상,1741
우아한 버킷리스트 이야기,1742
"이유있는 반항, 미디어에서 길을 찾다",1743
"스마트 시대, 혁신의 진화",1744
"키워드는 M, 모빌리티",1745
"소셜지능의 시대, 증강형 인간이 온다",1746
"스마트 시대, 소통의 진화",1747
"상상이 현실화가 되는 세계, 그 중심에 서서 외치다",1748
"스마트 시대, 시간의 진화",1749
"스마트 시대, 일상의 진화",1750
"스마트 시대, 미디어의 진화",1751
사람을 위한 발명 : 사용자경험 (UX),1752
Customize to personalize,1753
내 차를 갖는 가장 스마트한 방법,1754
"기업회계 Restart, 숫자로 승부하라",1755
식품이물관리 실무,1756
효율적인 유통경영을 위한 유통 MBA,1757
멘탈리스트 최현우의 비즈니스 심리 SHOW,1758
네 맘대로 살아라,1759
웰빙 풍수를 적용한 집안 꾸미는 방법과 명당 알아보는 방법,1760
나를 행복하게 하는 친밀함,1761
영어식 사고 말하기 트레이닝 (1),1762
공인중개사_부동산공법 2017(1),1763
균형 잡힌 몸매 만드는 웰빙 다이어트(3),1764
건강에 좋은 발 마사지 요법,1765
"신비한 향기의 마법, 아로마테라피 향기요법(1)",1766
요즘 대세 바리스타 따라하면서 배우기(2),1767
[SMART 물류] 유통관리,1768
"시나공 TOEIC 파트1,2,3,4 실전 문제집",1769
품위의 재구성,1770
신호창 교수에게 배우는 사내 커뮤니케이션의 진수,1771
자신의 잠재력을 깨우는 학습최면 능력향상,1772
15mins of Fame 혁신가들을 위한 앤디 워홀의 예견,1773
"정부3.0, 국민의 행복을 디자인하다",1774
살맛나는 은퇴자를 위한 유머(1),1775
실적 꼴찌가 판매왕 되는 법 (1),1776
실적 꼴찌가 판매왕 되는 법 (2),1777
나를 브랜딩하라 : 공감이 필요하다,1778
나의 한계를 깨는 움직임,1779
가장 쉽게 배우는 통기타 기초(2),1780
가장 쉽게 배우는 통기타 기초(3),1781
원하는 것을 얻으려면 미쳐야 한다,1782
트라우마를 말하다 : 자살로부터 안전한 공동체 만들기,1783
성상품 사회에서 더 만족스러운 선택하기,1784
인생을 바라보는 1cm 더 크리에티브한 시선,1785
춤춰라! 희망이 온다,1786
세상을 치유하는 나눔디자인,1787
당신의 삶에 유니폼은 없습니다,1788
직장인 일상회화 무작정 따라하기 - 상황편(2),1789
"That explain, 아! 그래서 그랬구나 편",1790
가장 쉬운 인도네시아어 첫걸음의 모든 것(1),1791
"최강 CS 소통법, 고객과의 그린라이트를 켜라!(금융편)",1792
러시아 몽타주에로의 재미난 여행,1793
재미있는 스포츠 & 알기 쉬운 경제원리,1794
현대의 미술가들,1795
행복을 부르는 생활속의 웃음법,1796
직접 쓰면서 쉽게 배우는 예쁜 손글씨,1797
정철의 영어 기본기 완성 비법 3분,1798
"10개 핵심동사만 잡으면 영어는 끝 - come, keep, catch 편",1799
"말하기 선수로 키워주는 영문법 - a/an, the, one 편",1800
I.D.E.A. 브랜드 스타를 만드는 상상엔진,1801
나쁜 보스,1802
청각장애인 딸이 내게 준 것,1803
"위기의 밥상, 안전한 먹거리",1804
우리곁에 난민을 보라,1805
33토익 337 기본 LC - STEP 2,1806
유쾌하게 자극하라,1807
MS Access 2016 기초 익히기,1808
소통 세일즈,1809
한 달에 끝내는 OPIc 입문,1810
혁신 리더의 6가지 전략,1811
하루 10분 메이티엔 중국어회화 초급 step 2,1812
Python 응용_자료구조 제대로 배우기,1813
중국어회화 핵심패턴 무작정 따라하기 STEP 1,1814
정보처리기사 실기 - 실무 알고리즘 응용 Part 1,1815
영어 잘하는 사람들의 7가지 습관,1816
하루 15분 도모다찌 일본어회화 입문 step1,1817
이병철에게 길을 묻다,1818
리더의 꿈 만들기 - 파블로 이야기,1819
입을 열어라! SPEAK OUT Grammar,1820
알기 쉽게 다가가는 인문학 나들이 - 철학의 세계,1821
머니트렌드 인 도쿄,1822
뮤지컬 제대로 보기,1823
"희망, 인문학에게 묻다 - 성경(1)",1824
"희망, 인문학에게 묻다 - 성경(2)",1825
"희망, 인문학에게 묻다 - 서양철학사(1)",1826
서울을 거닐며 사라져가는 역사를 만나다,1827
세상을 바꾸는 인재 이야기,1828
세상을 바꾸는 존중,1829
세상을 바꾸는 용기,1830
발명의 즐거움 Inventaining,1831
마음을 치유하는 토닥토닥 심성놀이,1832
한방에 끝내는 포토샵 CS6 따라하기 응용편,1833
Adobe Premiere Pro CC 2015 영상 편집의 입문 Part(1),1834
인재경영을 위한 인사노무와 통상임금,1835
유기농업의 즐거운 혁명,1836
"희망, 인문학에게 묻다 - 로마제국사(1)",1837
사람의 마음을 사로잡는 프레젠테이션 - 기획,1838
최신 카카오톡 사용법 완전정복,1839
"경영전략, 혁신을 논하다",1840
가장 쉬운 독학 베트남어 첫걸음 step2,1841
한국경제 어디로 가나,1842
나무와 더불어 산다는 것,1843
가슴 뛰는 것에 미쳐라!,1844
행복한 노후를 위한 재무관리,1845
그리스 신화와 자아를 찾아가는 여행 - 다툼,1846
행복한 삶으로 가는 재무설계,1847
행복한 CS달인을 만드는 고객만족 클리닉(금융편),1848
하이힐 신고 독서하기,1849
원숭이도 이해하는 자본론,1850
최지원의 스피치토론연구소,1851
다락원 중국어 마스터 4 (2),1852
다락원 중국어 마스터 4 (1),1853
영어회화 핵심패턴 무작정 따라하기 입문(2),1854
앤소니와 함께 달려가는 생생 경매의 현장,1855
공인중개사_부동산세법 2017(2),1856
신자유주의와 한국정치경제,1857
사랑스런 강아지 미용법 배우기,1858
입을 열어라! Speak Out 초급(1),1859
Bye Bye 왕초보 영어청취,1860
감동이 있는 청취,1861
성공하는 직장인은 대화법이 다르다,1862
홈패션 따라하기(1),1863
공인중개사_부동산세법 - 기본이론 2018,1864
공인중개사_부동산공법 - 기본이론 2018,1865
공인중개사_부동산공시법 - 기본이론 2018,1866
영업 고수의 톡톡(Talk!Talk!) 터지는 아웃바운드 영업 비법(금융편),1867
위기탈출 119,1868
The English Show_Pops(3),1869
정보처리기사 필기 - 운영체제,1870
정보처리기사 필기 - 소프트웨어공학,1871
정보처리기사 필기 - 데이터통신,1872
온가족이 즐기는 냉장냉동 요리 만들기,1873
"동서고금을 꿰뚫는 성공 리더십, 한비자와 마키아벨리에게서 배워라!",1874
Adobe Acrobat 11 Part 1,1875
Adobe Acrobat 11 Part 2,1876
Adobe Photoshop CS5를 이용한 디지털사진 편집,1877
클릭만 하면 배울 수 있는 최신 윈도우 8,1878
완전 쉬운 트위터 사용법 배우기,1879
버전업! 가장 쉬운 태국어 첫걸음(1),1880
CRM과 짜장면 배달,1881
부모라면 유대인처럼,1882
성공을 부르는 프레젠테이션 - 실전,1883
이준엽의 내 심장은 멈추지 않는 엔진이다,1884
"건축의 인문학, 인류의 삶을 디자인하다",1885
진로의 정석,1886
한 달 만에 끝내는 OPIc VOCA,1887
모바일 혁명과 비즈니스,1888
빅데이터 분석을 위한 하둡 프로그래밍 Part 2-3,1889
재미있는 심리이야기 - 남녀의 사랑과 전쟁,1890
의자로 간단하게 할 수 있는 효과만점 다이어트,1891
나와 조직의 에너지 경쟁력 높이기(1),1892
"일 잘하는 1%의 히든카드, OK를 부르는 컨펌의 기술",1893
SPEED 오픽 IM&IH(1),1894
SPEED 오픽 IM&IH(2),1895
청춘 경영,1896
"파이터, 인생은 이렇게 싸우는거다",1897
메이티엔 중국어회화 중급(2),1898
예쁜글씨 POP 배우기(1),1899
예쁜글씨 POP 배우기(3),1900
POP 평면 2급 자격증(2),1901
미드 할리우드 텔레비전 드라마 생산 이야기,1902
토마토 COMPACT ACTUAL TEST STEP 2,1903
유수연의 앤토익 3000 STEP 1,1904
유수연의 앤토익 3000 STEP 2,1905
33토익 339 TOEIC 실전 RC - STEP 1,1906
33토익 339 TOEIC 실전 RC - STEP 2,1907
시나공토익 파이널 실전(2),1908
시나공 TOEIC 파트7 실전 문제집,1909
이론과 사례로 살펴보는 의료실무과정,1910
유형별 우리아이 마음읽기 - 자존감이 낮은 아이,1911
금융위기의 역사와 그 교훈,1912
창조성이 돈이 되는 사회,1913
남들이 하지 못했던 1%,1914
세일즈에서 배우는 성공원칙,1915
HOW TO 일본어능력시험 N2 [문자ㆍ어휘ㆍ독해],1916
HOW TO 일본어능력시험 N2 [문법ㆍ청해],1917
新JLPT 한번에 패스하기 N2 언어지식,1918
新JLPT 한번에 패스하기 N2 청해,1919
한국의 임원들에게 배우는 성공 리더십,1920
"희망, 인문학에게 묻다 - 서양철학사(4)",1921
Enjoy 처음 중국어,1922
게으른 당신을 위한 12가지 재테크 비법,1923
이 또한 지나가지 않는다. 상황을 바꾸지 않으면,1924
"심리학자, 정조의 마음을 분석하다",1925
나의 버킷리스트를 이루다,1926
슬럼프 심리학,1927
시간을 줄이고 업무가 풀리는 파워포인트 2013,1928
체질에 맞는 건강한 생활습관,1929
Illustrator CC Part 1,1930
[Must Know] PC Basic,1931
순간포착! 미드 속 직장라이프 - 30Rock 편,1932
알기 쉽게 다가가는 인문학 나들이 - 심리학과 문학,1933
마케팅 트래블러,1934
커져라 상상력 강해져라 마케팅,1935
가장 쉬운 독학 베트남어 첫걸음 step3,1936
하루 10분 메이티엔 중국어회화 초급 step 1,1937
하루 10분 메이티엔 중국어회화 중급 step 2,1938
하루 10분 메이티엔 중국어회화 중급 step 3,1939
"인간관계, 그 무대의 뒤편",1940
50가지 비법으로 끝내는 영작문 무작정따라하기 step1,1941
바로 써먹는 비즈니스 전화 템플릿,1942
바로 써먹는 비즈니스 이메일 템플릿,1943
일본어 뱅크 다이스키 STEP2 입문,1944
인공지능 프로그래밍 - 머신러닝 기초,1945
쿨하게 사과하라,1946
325년된 과자 기업의 철학,1947
PhotoShop CC 2015 제대로 배우기 Part (1),1948
어떻게 사람의 마음을 얻을 것인가,1949
풀어 쓴 기호학,1950
친정어머니 김치담그기 비법 배우기,1951
내게는 특별한 영어를 부탁해,1952
"심리학, 남자를 노크하다",1953
미루다는 Postpone일까? Delay일까? - 변화의 바람 편,1954
영어의 여신 루시쌤의 비즈니쉬 회의 영어 Step 2,1955
"회화가 튀어나오는 핵심패턴 - 느끼고, 맛보고, 듣고 편",1956
신 굿모닝 독학 일본어 첫걸음 STEP 1,1957
[Must Know] 엑셀 2007 Basic,1958
남자는 남자를 모른다,1959
도시 건축의 새로운 상상력,1960
건축은 생각이다,1961
기억의 건축,1962
"건축가, 일상과 환상의 조율자",1963
한번에 합격! JLPT N4,1964
한번에 합격! JLPT N3,1965
반복의 힘! 쉬운 영어 말하기(2),1966
셰익스피어 명작 리딩의 재발견 Step 2,1967
중소기업 경쟁력 확보전략,1968
남자로 산다는 건?,1969
내게는 생일이 두 번입니다,1970
물려줄 게 없는 부모는 공부하는 방법을 가르쳐라,1971
33토익 338 PART LC,1972
오피스 달인 도전 MS Office Excel 2007(2),1973
10분 영어회화 입문,1974
핫 트렌드 2010,1975
살맛나는 유머로 살맛나는 세상을 만듭시다(1),1976
금융맨을 위한 TOP SALES 비밀노트,1977
윈도우 8 처음 사용자를 위한 기본과정,1978
타타그룹의 신뢰경영,1979
직장인의 올바른 업무수행 방법,1980
우리에겐 위기극복의 유전자가 있습니다,1981
남이섬 CEO 강우현의 상상망치,1982
"Smart 유통관리 기법, 매출 1등 기업의 노하우를 찾아라!",1983
냠냠 쿡쿡 덮밥부터 오꼬노미야끼까지,1984
토마토 Vocachip,1985
헌옷의 이유있는 변신 옷수선 따라하기 길이수선편,1986
오래된 가구 새것으로 바꾸는 생활 속 리폼,1987
전산회계 2급 자격증 따기 - 이론,1988
김짱의 칸지,1989
재미있는 심리이야기 - 끊을 수 없는 인연 가족,1990
스물일곱 이건희처럼,1991
피터드러커의 삶과 사상,1992
재난민과 집을 지으며 내가 배운 것,1993
일과 안전 그리고 건강,1994
공부의 신,1995
나는 왜 전통을 디자인하는가,1996
고3을 위한 독설,1997
"성공하는 상상, 실패하는 상상",1998
"내숭이야기, 미술이야기",1999
독일인이 이야기하는 한국의 양성평등,2000
숲은 현대문명병을 치유하는 병원이다,2001
연지원의 인문학 길라잡이,2002
북유럽 쿨내나는 주방소품 만드는 법,2003
70년 한글교육으로 내가 얻은 것,2004
IOT가 꿈꾸는 미래,2005
이 땅에 더 많은 두리반을 위해,2006
치료로서 인문학,2007
고성능차와 함께 달리다 : RM15 Story,2008
당신이 쓰는 모든 글이 카피다,2009
300초 인문학 - 조용헌,2010
우리들의 방구석이야기,2011
공병각의 캘리그래피,2012
이제는 재무심리를 알아야 한다(2),2013
나는 이야기 장사꾼이다,2014
기꺼이 따르는 힘,2015
킬링 포인트,2016
직군별 OFFICE 활용 - 인사/경영관리,2017
마음의 건강을 돌보는 최면심리 상담,2018
[Visual Up] 직장인을 위한 포토샵 CS2 Basic,2019
출판제작의 노하우,2020
PhotoShop CC Part 1,2021
Adobe Premiere Pro CC 2015 영상 편집의 입문 Part(2),2022
터치의 심리학 - 말보다 따뜻한 몸의 언어,2023
OPIc 무조건 탈출하기 - Intermediate 공략,2024
큰 물에서 놀아봐야 진짜 나를 만난다,2025
한방에 끝내는 포토샵 CS6 따라하기 활용편,2026
이웅진의 해석남녀,2027
2030년 부의 미래지도,2028
포토샵 초보 탈출 이렇게 쉬워요,2029
MS PowerPoint 2016 기초 익히기,2030
블로그로 나만의 브랜드 만들기,2031
자원봉사자로 삶의 기쁨을,2032
나와 조직의 에너지 경쟁력 높이기(2),2033
스파르타 신토익 RC 800 step1,2034
파고다 올인원 토익 Master RC,2035
스파르타 신토익 실전 1000제 RC step1,2036
스파르타 신토익 실전 1000제 RC step2,2037
TOEIC Speaking 달인되기,2038
Kate의 토익스피킹 필수표현 100(2),2039
건강한 까칠함으로 대인관계에 성공하기,2040
이찬승 Vocabulary for Speaking 2,2041
오바마 설득의 비밀공식,2042
영어의 여신 캐시쌤의 말문이 트이는 영어발음 Step 1,2043
영화가 죽어도 못 따라오는 연극의 중독적 매력 세 가지,2044
라이프 사이클에 따른 금융상품 알고 준비하기,2045
서울문화순례,2046
청중을 사로잡는 프레젠테이션 이렇게 하면 된다,2047
세련된 표현으로 협상리드하기,2048
Made in China의 부상과 한국,2049
가장 쉬운 영어 첫걸음의 모든 것(2),2050
중국인이 매일 쓰는 중국어 간체자668 (1),2051
협동조합 A to Z,2052
"재즈, 무대에서 마을로",2053
남다른 인생을 사는 법 : 감성의 끝에 서라,2054
사진에도 길이 있다,2055
"패션, 한강을 따라 세계로 흐르다",2056
사랑할수록’ 우리는 더 성장할 것입니다,2057
내가 영화를 연출하는 의도,2058
모래가 준 선물같은 삶,2059
덜 아는 것이 창의적이다,2060
세바시가 당신의 일상을 바꾸다,2061
서울은 원래 마을이었다,2062
메이티엔 중국어회화 중급(1),2063
대한민국에서 신사로 산다는 것은,2064
쇼콜라띠에 - 나만의 브랜드 초콜릿 만들기(1),2065
쇼콜라띠에 - 나만의 브랜드 초콜릿 만들기(2),2066
팀장 교과서,2067
컨버전스 마케팅,2068
"스마트한 혁신, 트리즈(TRIZ)를 활용하라",2069
쉽게 이해하는 중국문화 (2),2070
내 '일'이 기다려진다,2071
코이카(KOICA)의 꿈,2072
균형 잡힌 몸매 만드는 웰빙 다이어트(1),2073
열린 논어 [05] - 公冶長篇 (공야장편),2074
열린 논어 [04] - 里仁篇 (이인편),2075
단기속성 승진병법,2076
초보투자자 실전 주식 및 ETF 단기 과정(2),2077
전문가와 함께 배우는 포토샵 CS5 실전예제 초급(2),2078
중용 구경(中庸 九經)의 나라 다스리는 원리,2079
외국인 고객을 사로잡는 실전 은행영어,2080
집에서도 쉽게! 나무로 만드는 우드버닝 아트,2081
"Good 텔레마케터, Well 텔레마케팅",2082
유쾌한 트릭마술,2083
[ITⓔ코칭] 파이썬으로 배우는 실전 프로그래밍,2084
인공지능 프로그래밍 - 머신러닝을 위한 데이터처리 Part 2,2085
중국의 연극문화,2086
굿모닝 독학 일본어 첫걸음(2),2087
권용찬 회계사와 함께 배우는 알기 쉬운 건설회계_2015 개정판,2088
After Effects CC 2015 모션 그래픽의 입문 Part 1,2089
평판의 힘,2090
자산관리 이제부터라도 기초부터 시작하자,2091
"부활상추, 한국농업의 희망으로 자라다",2092
네이티브처럼 말해봐! - 회사에서 살아남기,2093
말문이 트이는 영문법 무작정 따라하기,2094
가장 쉬운 독일어 첫걸음의 모든 것(2),2095
Dreamweaver CC 2015 제대로 배우기,2096
팔리지 않으면 크리에이티브가 아니다,2097
新JLPT 한번에 패스하기 N1 청해,2098
Illustrator CC Part 2,2099
PhotoShop CC Part 2,2100
밸런스 독서법 기본,2101
왕초보 English Fitness - 말문 트기,2102
"인사조직관리, 조직성과를 논하다",2103
가장 쉽게 배우는 통기타 기초(1),2104
열정이 이긴다,2105
SMART한 아이폰 최강 업무술!,2106
영업달인이 갖춰야 할 7가지 조건과 노하우,2107
소비자 변화와 리브랜딩 마케팅 전략,2108
"마이니치 10분 일본어 - 문자, 발음 편",2109
영어 낭독 훈련에 답이 있다,2110
건강독설,2111
하루 10분 메이티엔 중국어회화 초급 step 3,2112
공자의 행복이야기,2113
인도의 부상,2114
잘나가는 MD는 기초부터 다르다! MD 매입 기초,2115
영어 프레젠테이션 무작정 따라하기,2116
"빈 의자, 당신이 주인공입니다",2117
젊을 때 '미치지 않으면' 미친 것이다,2118
"디자인과 문화, 그리고 비즈니스의 교차점",2119
영어 회화 훈련 실천 다이어리(1),2120
하루 5분! 초간단 패턴 영어 2탄,2121
콩글리쉬 Clinic 콩콩타파,2122
The English Show_Trip(1),2123
10분 영어회화 고급,2124
피케티 읽기,2125
내게는 특별한 new토익을 부탁해 RC intensive,2126
달콤한 가족 파티 준비하기,2127
일본어 뱅크 다이스키 STEP6 중급,2128
디바제시카의 비즈니스 영어 이메일 500 플러스 Step 2,2129
시나공토익 Writing 비법노트,2130
내게는 특별한 중국어를 부탁해,2131
[Speak2Learn] 고급,2132
조앤박의 초스피드 영어회화 - 비즈니스,2133
우리에게 가장 소중한 것,2134
W TOEIC Writing Basic,2135
홍크!,2136
살맛나는 유머로 살맛나는 세상을 만듭시다(2),2137
시나공토익 파이널 실전(1),2138
"희망, 인문학에게 묻다 - 그리스 로마 신화(3)",2139
펜글씨 3급 자격증(1),2140
마이니치 10분 일본어 - 귀뚫기 편,2141
세상을 지배하는 숨은 법칙,2142
짜장면뎐,2143
파리에서 온 낱말,2144
"가격은 낮게, 품질은 높게, 나만의 와인 스타일 찾기",2145
아방가르드와 현대미술,2146
환상으로 가는 라틴미술여행,2147
인문학여행 - 서양의 철학자,2148
한 달에 끝내는 OPIc 고급,2149
Petite Concert - 내 삶을 연주한다면 어떤 음악이 될까,2150
온유함의 비밀,2151
"희망, 인문학에게 묻다 - 국부론과 자본론(1)",2152
하루 10분 메이티엔 중국어회화 입문 step 1,2153
진화론 특강 - 소셜 마인드의 힘,2154
수익률 2배로 올리는 펀드투자전략,2155
"성공하는 기업의 마케팅 Tool box, Positioning",2156
HOW TO 일본어능력시험 N1 [문자/어휘ㆍ독해],2157
"직장인을 위한 영어회화, 샐러리시 입문(1)",2158
"함께 아파하는 마음, 컴패션이 이끄는 삶",2159
"인공지능 프로그래밍 - 파이썬을 활용한 머신러닝, 딥러닝 기초 다지기 Part 1",2160
시간의 패러독스 이해하기,2161
맛도 좋고 보기도 좋은 나들이 메뉴,2162
벽없는 조직문화 만들기(1),2163
"희망, 인문학에게 묻다 - 자연과학사(1)",2164
모질게 토익 이코노미 1000제 LC Step 1,2165
Change Power : 변화의 힘,2166
OPIc 핵심패턴 233 STEP2,2167
OPIc 핵심패턴 233 STEP1,2168
왜 스펙보다 경험이 더 중요한가?,2169
"나의 첫사랑, 아프리카!",2170
재무제표 이용자를 위한 국제회계기준(K-IFRS),2171
평화의 탈 프로젝트,2172
우리의 춤을 봐주는 단 한 사람이 있다면,2173
지금 당신의 고민이 길을 열어 줄 것입니다,2174
두 번째 장편영화 만들기,2175
누구나 실패할 수 있습니다,2176
신(神)과 선(善)의 디자인 철학,2177
내가 환경을 위해 노래하는 이유,2178
카카오톡 페이스북 속성 배우기,2179
After Effects CC 2015 모션 그래픽의 입문 Part 2,2180
Dreamweaver CS6 기초실무,2181
Adobe Photoshop Lightroom 5 (1),2182
Adobe Edge Animate CC 기초 익히기,2183
만병통치 이어테라피,2184
다이어트 하지 마세요,2185
세계인과 한국인 사이,2186
자원봉사는 우리의 것입니다,2187
전산회계 1급 자격증 따기 Part 2,2188
"마케팅, 경쟁우위를 논하다",2189
벽없는 조직문화 만들기(2),2190
[입이 열리는 토마토크] STEP 5 필수 기초패턴편,2191
[입이 열리는 토마토크] STEP 9 주요 동사로 말하기,2192
바닥을 치고 오르는 부동산 투자의 비밀,2193
How to TOEFL Writing Essay 공략,2194
완전소중 우리 아이 옷 만들기 DIY(1),2195
완전소중 우리 아이 옷 만들기 DIY(2),2196
이야기가 있는 이미지의 힘,2197
한 달 만에 끝내는 OPIc - Intermediate 공략,2198
신 굿모닝 독학 일본어 첫걸음 STEP 2,2199
김주우의 시나공 토익스피킹 단기완성 [New Edition] step2,2200
경제공부의 바다에 빠져라,2201
날아라 쿠쿠,2202
재테크의 거짓말,2203
직장인 일상 일본어 회화 무작정 따라하기(2),2204
여자,2205
스티브 잡스처럼 생각하라,2206
어제 상상하고 오늘 기획하고 내일 실행하다,2207
"금융대국, 중국의 탄생",2208
공부하는 독종이 살아남는다,2209
"인공지능 프로그래밍 - 파이썬을 활용한 머신러닝, 딥러닝 기초 다지기 Part 2",2210
인공지능 프로그래밍 - 머신러닝을 위한 데이터처리 Part 1,2211
인생 100세 시대의 자산관리,2212
버전업! 가장 쉬운 태국어 첫걸음(2),2213
써먹지 못하는 인문학은 인문학이 아니다,2214
"메모, 공부를 바꾸다",2215
능력보다 상황이다 : 내 능력을 극대화할 수 있는 상황의 힘,2216
"적응, 그리고 협력",2217
다섯 친구,2218
公共性을 강조했던 문화국가 조선,2219
창조경제와 유라시안 인문학,2220
자연이 하는 말을 받아쓰다,2221
현장 talk! talk! Medical Conversation 100 - In-depth,2222
"목소리의 발명, 노래 잘 하는 획기적인 방법",2223
스스로에게 당당한 자세,2224
인사 프로젝트,2225
포스터 문자 디자인 (1),2226
"일맘의 번아웃 솔루션, '연민'",2227
디지털 시대의 광고의 역할,2228
커피 찌꺼기와 버섯의 썸씽?,2229
파이터들에게 배우는 경쟁력의 비밀,2230
페이스북 이펙트,2231
글로벌 소프트웨어를 꿈꾸다,2232
모질게 토익 이코노미 1000제 RC Step 1,2233
스페인어권 세계의 문화 읽기,2234
하루 5분! 초간단 패턴 영어 3탄,2235
영어의 여신 소피쌤의 비즈니쉬 초급 이메일 영어 Step 1,2236
영어식 사고 말하기 트레이닝 (2),2237
전공략 新HSK 두 달에 4급 따기(2),2238
아이의 공부두뇌,2239
당신 삶의 ‘싱귤래리티’는 무엇입니까,2240
선물의 가치를 높이는 선물 포장,2241
MOS Access 2013 자격증 따기,2242
유소영의 English Blogging,2243
엄마와 함께 만드는 꿈 : 엄마를 응원합니다,2244
성인식 없는 사회에서 어른으로 산다는 것,2245
심리학 초콜릿,2246
신념의 구간,2247
두려움을 용기로 바꾸는 마음의 연금술,2248
스타트 신드롬,2249
옳은 경영이 세상을 바꾼다,2250
영어 회화 훈련 실천 다이어리(2),2251
"러시아, 위대한 강대국 재현을 향한 여정",2252
평평한 세상에서의 경쟁 전략,2253
"미래예측, 쿼리를 활용한 교훈",2254
"희망, 인문학에게 묻다 - 불교(2)",2255
똘레랑스를 넘어 포용으로 가는 길,2256
비즈니스를 위한 와인 A to Z,2257
공인중개사_부동산중개사법 및 중개실무 - 기초입문 2018,2258
예술로 상상하고 과학으로 표현하는 창조경제,2259
"나, 정답을 묻다",2260
톡톡 튀는 아이디어 리폼 DIY!,2261
신문을 통한 우리아이 학습법 - 개념,2262
우리아이에게 딱 맞는 글쓰기 지도(1),2263
디시전 메이킹,2264
흥행의 법칙,2265
33토익 339 TOEIC 실전 LC - STEP 2,2266
"삶을 바꾸는 질문, 이제 나의 강점을 묻다",2267
"프로 금융인의 결정적 한 수(手), 금융마케팅",2268
애니팡과 선데이토즈의 소셜게임 스토리,2269
포스터 문자 디자인 (2),2270
사주팔자란 무엇인가?(4),2271
모르는 것을 아는 청춘 되기,2272
전문가와 함께 배우는 포토샵 CS5 실전예제 초급(3),2273
전문가와 함께 배우는 포토샵 CS5 실전예제 초급(4),2274
전산회계 1급 자격증 따기 Part 1,2275
50가지 비법으로 끝내는 영작문 무작정따라하기 step2,2276
알짜 부자가 되는 자산 만들기 비법,2277
모바일 오디세이,2278
세계가 높이 산 한국의 문기,2279
마켓센싱을 키우는 실전 마케팅 에센스,2280
자기사랑노트,2281
정치철학 특강 3편,2282
"First Mover? Smart Mover! 에너지와 기후변화, 우리의 선택",2283
대한민국 리더십을 말한다,2284
파블로 이야기,2285
제갈공명과 함께 중국어 말하기 정벌,2286
중국인이 매일 쓰는 중국어 간체자668 (2),2287
연애천재가 된 홍대리,2288
"중국어의 틀을 잡아주는, 중국어 쉬운 문법",2289
엄마와 아기를 위한 소품 DIY(1),2290
Speaking시험 기초대비 20일 완성,2291
궁금타파! 핵심만 골라 배우는 자금세탁방지 에센스,2292
파고다 올인원 토익 Starter RC,2293
슬픈 날의 행복여행,2294
살림/살이 경제학을 위하여,2295
한센인도 우리 이웃입니다,2296
"있기, 잊기 그리고 잇기",2297
인문학여행 - 세상의 탄생한 아버지,2298
균형 잡힌 몸매 만드는 웰빙 다이어트(2),2299
돈 걱정 없는 우리집,2300
사주팔자란 무엇인가?(2),2301
사주팔자란 무엇인가?(3),2302
초보자도 쉽게 배우는 안드로이드폰의 필수 어플,2303
다락원 뉴코스 일본어 회화 초급 뛰어넘기 (1),2304
실용 한국어 회화 Intermediate,2305
소통하려면 진심을 노래하라,2306
진정성 있는 리더십의 시대,2307
토마토 GRAMMARing,2308
공인중개사_공인중개사법 2017(2),2309
공인중개사_공인중개사법 2017(3),2310
소리패턴으로 배우는 일본어 무작정 따라하기 STEP 2,2311
소리패턴으로 배우는 일본어 무작정 따라하기 STEP 1,2312
앱솔루트 절대 독해법 입문,2313
Going Going - Intermediate,2314
"옛날 노래가 좋은 이유, 쎄시봉 이야기",2315
상대를 사로잡는 호감의 심리학,2316
이미정의 플라워 홈 데코 DIY(1),2317
슬픔을 다루는 법,2318
나의 거절이 안전에 중요한 이유,2319
이별해도 괜찮게,2320
경성상계,2321
"희망, 인문학에게 묻다 - 국부론과 자본론(2)",2322
"희망, 인문학에게 묻다 - 국부론과 자본론(3)",2323
"희망, 인문학에게 묻다 - 국부론과 자본론(4)",2324
"희망, 인문학에게 묻다 - 국부론과 자본론(5)",2325
착한 것이 살아남는 경제의 숨겨진 법칙,2326
일상탈출! 거침없이 떠나는 여행 영어_여행자,2327
파고다 올인원 토익 Master LC,2328
나는 왕초보 나눔봉사자 입니다,2329
뻥이야!가 영어로 뭐지? - 해외여행 편,2330
조선 최고의 사상범,2331
생각의 진화,2332
하우스 푸어에서 살아남는 법,2333
마음을 챙기면 엄마노릇이 편해진다,2334
이주헌의 아트까페,2335
사랑이 사람을 키웁니다,2336
바로 써먹는 직장 영어 - 대화 마무리하기 편,2337
바로 써먹는 직장 영어 - 대화이끌기 편,2338
"희망, 인문학에게 묻다 - 그리스 로마 신화(2)",2339
그리스 신화와 자아를 찾아가는 여행 - 심리,2340
"희망, 인문학에게 묻다 - 그리스 로마 신화(4)",2341
"희망, 인문학에게 묻다 - 그리스 로마 신화(5)",2342
최고의 세일즈맨들이 애용하는 최면세일즈 언어기법,2343
중국의 내일을 묻다,2344
그리스 신화와 자아를 찾아가는 여행 - 신화,2345
그리스 신화와 자아를 찾아가는 여행 - 사랑과 지혜,2346
타노시이 리딩,2347
부모가 아는 만큼 좋아지는 공부 집중력,2348
MOS Word 2013 Expert 자격증 따기,2349
사례로 알아보는 보험세금 및 가업승계 전략,2350
우리 강아지 목욕시키고 기본 관리법,2351
손에 쥐는 영어 회화 200% 즐기기 - 초급편 (2),2352
[Speak2Learn] 초급,2353
[Speak2Learn] 입문,2354
[Speak2Learn] 중급,2355
G-TELP Speaking Test 중급의 고지를 넘어라,2356
윈도우 8 처음 사용자를 위한 응용과정,2357
현대시의 이해,2358
그리스 신화와 자아를 찾아가는 여행 - 운명과 탐욕,2359
누다심의 심리학 블로그,2360
이동연의 문화 읽기 - 첫 번째 고원: 문화부족의 탄생,2361
인간과 사회 : 사회학의 이해 [3] - 일탈이란 무엇인가 外,2362
인간과 사회 : 사회학의 이해 [1] - 사회학이란 어떤 학문인가 外,2363
인간과 사회 : 사회학의 이해 [2] - 사회집단의 성립유형 外,2364
쁘리벳 러시아어 동사 따라잡기,2365
행운을 만드는 질문의 힘,2366
내가 바보같이 느껴질 때 : 等伸感을 느끼는 당신에게,2367
도키도키 일본어회화 중급,2368
영어의 여신 소피쌤의 비즈니쉬 이메일 영어 패턴 Step 2,2369
w toeic compact reading 1,2370
세계를 알려면 위싱턴을 읽어라,2371
마인드 맵을 활용한 생각정리 기술,2372
고객 먼저 생각하는 병원 CS 1,2373
"좋은 화장품, 나쁜 화장품, 이상한 화장품",2374
신뢰받는 중소기업을 향해! 제조물책임법,2375
파고다 올인원 토익 Starter LC,2376
스파르타 신토익 RC 800 step2,2377
나와 '상관 있는' 범죄 이야기,2378
현장에 답이 있다!,2379
新 신공략 중국어 실력향상 下 (2),2380
전문가와 함께 배우는 포토샵 CS5 실전예제 중급(2),2381
가장 쉬운 인도네시아어 첫걸음의 모든 것(2),2382
내가 진짜 부자엄마입니다.,2383
Talk to me : 당신도 나와 같은 사람이라고 말해주세요,2384
평범함이 가진 특별함에 대해,2385
"나눔의 롱테일 법칙, 빛나다",2386
알바가 시민이 될 수 있을까요,2387
미국 화장실 청소부에서 글로벌 스타트업 대표로,2388
더불어 사는 세상을 위하여,2389
"실패한 운동, 당신 탓이 아니다",2390
공감장애로부터 벗어나기,2391
투자대비이윤에서 투자대비가치의 패러다임으로,2392
반려동물과 행복하게 사는 법,2393
비타민이 아닌 진통제로 승부하다,2394
행복을 디자인하라,2395
여전한 인생 VS 역전한 인생,2396
인도네시아어로 배우는 실전 기초 한국어회화,2397
행복은 강도가 아니라 빈도다,2398
ITQ PowerPoint 2010 자격증 한번에 따기,2399
"말하기 선수로 키워주는 영문법 - another, other, some 편",2400
반하게하라(2),2401
"적정기술, 도전의 가치로 꿈을 잇다",2402
나만의 고유한 가치를 찾아서,2403
불편한 책을 읽는다는 것,2404
사람의 마음을 사로잡는 프레젠테이션 - 도구,2405
손가락으로 세상을 돌리다,2406
열정을 만나면 정열이 솟는다,2407
당신이라면 할 수 있습니다,2408
장벽없는 세상지도 만들기,2409
세상의 소리보다 마음의 소리를 들어야 한다,2410
험한 세상의 다리가 되겠습니다,2411
After Effect CS6 기초 다지기 Part 1,2412
After Effect CS6 기초 다지기 Part 2,2413
PhotoShop CC 2015 제대로 배우기 Part (2),2414
더 나은 미래를 위해 자신의 위치에서 할 수 있는 일,2415
디카에 꼭 필요한 뽀샵 마무리! 포토샵 배우기,2416
"칵테일, 집에서 맛있고 멋있게 만들기(2)",2417
엄마가 아이를 아프게 한다,2418
The Empire State Style,2419
(눈치보지말자!) 아이작의 용감한 왕초보 영어 STEP 2,2420
독서혁명,2421
"토론하는 거실, 글쓰는 식탁",2422
지식인의 서재,2423
조선 명문가 독서 교육법,2424
일생의 한 권 책을 써라,2425
"책읽기의 달인, 호모 부커스",2426
라디오스타 잉글리시 초급 Step 1,2427
나눔과 봉사 누구나 할 수 있다,2428
안녕하세요? 야쿠르트 아줌마입니다,2429
OPIc Punch to IM2 - 내공 다지기,2430
하오하오 중국어회화 중급,2431
스파르타 신토익 LC 700,2432
"랩으로 배우는 영어, MC 조앤의 영단어 배틀 (1)",2433
"랩으로 배우는 영어, MC 조앤의 영단어 배틀 (2)",2434
가족과 1시간,2435
스파르타 신토익 실전 모의고사 RC,2436
"無有創造와 有有創造, 신과 인간 그 사이",2437
책은 책이다,2438
이 꽉 깨물고 '관용'해야 할 이유,2439
1등의 자리,2440
시간은 결코 관리되지 않는다,2441
행복을 만드는 희망 밥상,2442
앱솔루트 절대 독해법 중급,2443
앱솔루트 절대 독해법 초급,2444
The English Show_Trip(3),2445
상상을 현실로 만들 때 필요한 것,2446
공동체를 위한 공간과 서비스 디자인,2447
재테크보다 중요한 생애수지관리,2448
"죽음, 또 하나의 세계",2449
마음이 머무는 도시 그 매혹의 이야기,2450
문화저널리즘,2451
글로벌 아마겟돈 핵무기와 NPT,2452
동양철학 콘서트,2453
공자씨의 유쾌한 논어,2454
난세에 길을 찾다,2455
"희망, 인문학에게 묻다 - 사회계약론(2)",2456
"희망, 인문학에게 묻다 - 국부론과 자본론(6)",2457
"희망, 인문학에게 묻다 - 서양철학사(2)",2458
"희망, 인문학에게 묻다 - 서양철학사(3)",2459
"희망, 인문학에게 묻다 - 서양철학사(5)",2460
"희망, 인문학에게 묻다 - 로마제국사(2)",2461
"희망, 인문학에게 묻다 - 로마제국사(3)",2462
"희망, 인문학에게 묻다 - 자연과학사(2)",2463
"희망, 인문학에게 묻다 - 자연과학사(3)",2464
"희망, 인문학에게 묻다 - 영국사(1)",2465
"희망, 인문학에게 묻다 - 영국사(2)",2466
"희망, 인문학에게 묻다 - 영국사(3)",2467
"희망, 인문학에게 묻다 - 동양철학사(1)",2468
"희망, 인문학에게 묻다 - 동양철학사(2)",2469
"희망, 인문학에게 묻다 - 신자유주의와 신경제(1)",2470
"희망, 인문학에게 묻다 - 신자유주의와 신경제(2)",2471
"희망, 인문학에게 묻다 - 플라톤과 아리스토텔레스(1)",2472
"희망, 인문학에게 묻다 - 플라톤과 아리스토텔레스(2)",2473
가장 쉬운 태국어 첫걸음 step 1,2474
"인문정신의 내적 논리, 단독성과 보편성",2475
베트남어로 배우는 실전 기초 한국어회화,2476
내가 아이들과 야구를 하는 이유,2477
20대 심리학,2478
사이코패스와 나르시시스트,2479
비키니 화법,2480
아내는 제게 늘 걱정거리입니다,2481
가장 쉬운 터키어 첫걸음(1),2482
환경 문제는 어떻게 해결해야 하는가,2483
HOW TO 일본어능력시험 N3 [문자/어휘ㆍ독해],2484
상속,2485
"칵테일, 집에서 맛있고 멋있게 만들기(1)",2486
영어 프리젠테이션 무작정 따라하기 step 2,2487
The English Show_Pops(2),2488
공식으로 끝내는 OPIc 초급,2489
"공부의 달인, 호모쿵푸스",2490
독서,2491
"인성교육, 성적보다 먼저다",2492
어른들만 모르는 상위 1%가 되는 공부의 이유,2493
대한민국 엄마들이 꿈꾸는 덴마크식 교육법,2494
사랑한다면 강하게 키워라,2495
"트위터, 140자의 매직",2496
상상 오디세이,2497
이야기 협상,2498
시나공 토익 900 넘기기 Listening STEP 3,2499
"의사, 세계를 치유하기로 도전하다",2500
우종민 교수의 뒤집는 힘,2501
"들을수록 내 이야기, 그래?",2502
세상은 그래,2503
누드 글쓰기,2504
삶은 어느 조각 하나 버릴 것이 없다,2505
여행가서 풍경화 그리는 법_풍경화 편,2506
비즈니스 실무영작 무작정 따라하기 step 2,2507
체형요가 불편한 자세 교정하기,2508
[Visual Up] 직장인을 위한 포토샵 CS2 Advanced,2509
영어의 여신 루시쌤의 비즈니쉬 해외출장영어 기초편 Step 2,2510
"스마트시대, 언리더십이 필요하다",2511
러시아어로 배우는 실전 기초 한국어회화,2512
엄마 아빠와 함께 만드는 재밌는 세계 요리교실,2513
"아이의 성, 어른이 지켜줘야 합니다",2514
고전읽기로 배우는 자기주도 공부습관 코칭(1),2515
왜 소득이 미래를 결정하는가,2516
파고다 올인원 토익 Advancer LC,2517
스파르타 신토익 실전 1000제 LC,2518
디케의 눈,2519
책속에 있는 지식을 찾아 떠나는 여행,2520
전공략 신HSK 5급 실전모의고사,2521
똑똑한 건강보험청구전문가,2522
합격하길 바래! JLPT 실전모의고사 N2,2523
합격하길 바래!JLPT 실전모의고사 N4 N5,2524
마이니치 10분 일본어 - 초급비즈 편,2525
선재 스님의 이야기로 버무린 사찰음식,2526
오은영 박사의 행복한 부모를 위한 우리 아이 감정코칭,2527
엄마 아빠와 함께 만드는 재밌는 미술/동화 요리교실,2528
창의력 쑥쑥! 아동요리 - 논술/동화/기타,2529
우리아이에게 딱 맞는 글쓰기 지도(2),2530
폐품활용으로 수행평가 1등 하기(4),2531
창의력 쑥쑥! 아동요리 - 미술/여행(1),2532
하루 10분 비즈니스 영어회화 Speak Out 입문(2),2533
인간의 모든 감각,2534
부자통장,2535
내몸 경영,2536
모질게 토익 이코노미 1000제 RC Step 2,2537
내가 타락한 까닭,2538
영어의 여신 소피쌤의 비즈니쉬 초급 이메일 영어 Step 2,2539
헌옷의 이유있는 변신 옷수선 따라하기 줄이기편,2540
빚 경제학,2541
맛은 기본! 몸에 좋은 웰빙 요리 만들기,2542
신처럼 하라,2543
나는 인간으로 살고싶다,2544
주저하지 않고 나를 표현하는 당당한 대화법,2545
토마토 SPEAKING GRAMMAR,2546
"Between, 일상의 사랑과 모바일을 잇기까지의 여정",2547
밥집이 꿀 수 있는 꿈의 크기,2548
"인연과 우연, 세계재즈지도에 한국을 새기다",2549
불면 우울치유 자율훈련법 6단계(Autogeness Traning),2550
시나공 토익 700 Listening UP STEP 1,2551
"Suppose, 아! 내가 했었어야 했는데 편",2552
컨셉 크리에이터,2553
신상품 마케팅 전략,2554
"아리스토텔레스, 좋은 삶의 경제학",2555
정성과 사랑이 담긴 나만의 핸드메이드 소품 DIY,2556
디지털 사진 편집,2557
내 인생의 두 바퀴 : 독서와 미술,2558
한 달에 끝내는 영어 토론,2559
블링블링 내 얼굴 셀프 메이크업 따라하기,2560
워밍업 경제학,2561
인문학여행 - 인류에게 새로운 방향을 제시한 위대한 인물,2562
나다움을 찾아야 내 다음이 보인다,2563
트렌드 코리아 2009,2564
내게는 특별한 new토익을 부탁해 RC basic,2565
우리가 정치인을 제대로 일하게 만드는 방법,2566
직장 다닌다고 직업 생기지 않는다,2567
"내가 산, 바다, 하늘에서 배운 것들",2568
누구에게나 비밀은 있다,2569
"사람부자, 복리로 늘리는 인간관계",2570
청춘의 질문 '사람',2571
청춘의 질문 ‘사랑’,2572
전공략 신HSK 6급 실전모의고사,2573
태국어로 배우는 실전 기초 한국어회화,2574
왕초보 English Fitness - 신나게 말하기,2575
쁘리벳 중급 러시아어 - 격변화,2576
"김형환의 CEO, 위기보다 강해져라",2577
20일 완성 전공략 新HSK 4급 파이널 테스트,2578
안전의 안나카레리나 법칙,2579
전공략 신HSK 4급 실전모의고사,2580
新공략 중국어 프리토킹 (1),2581
전공략 新HSK 두 달에 6급 따기(1),2582
전공략 新HSK 두 달에 6급 따기(2),2583
新 신공략 중국어 실력향상 上 (2),2584
新 신공략 중국어 실력향상 下 (1),2585
공식으로 끝내는 OPIc 중급,2586
20일 완성 전공략 新HSK 6급 파이널 테스트 ,2587
1달만에 중국인과 계약하기,2588
영어의 여신 캐시쌤의 말문이 트이는 영어발음 Step 2,2589
Phone English Cafe - Cappucino(2),2590
Bye Bye 왕초보 영어독해,2591
IDEA,2592
부동산 개발현장 체험하기,2593
키르기스스탄어로 배우는 실전 기초 한국어회화,2594
어디에서나 눈에 띠는 헤어스타일링 따라하기,2595
헌옷의 이유있는 변신 옷수선 따라하기 만들기편,2596
전공략 新HSK 두 달에 5급 따기(2),2597
20일 완성 전공략 新HSK 5급 파이널 테스트,2598
영어의 여신 소피쌤의 비즈니쉬 이메일 영어 패턴 Step 1,2599
탑세일즈맨의 세일즈 스킬,2600
다락원 뉴코스 일본어 회화 중급 도약하기 (2),2601
내게는 특별한 일본어를 부탁해,2602
다락원 뉴코스 일본어 회화 초급 (2),2603
재능이 지혜를 만나 로켓이 되다,2604
내 아이와 테크로 노는 법,2605
소리치다!는 shout일까? scream일까? - verbally 편,2606
당신에게 한 페이지가 주어진다면?,2607
"중국, 재즈를 만나다",2608
청춘사용 설명서,2609
닭은 왜 하늘을 쳐다볼까요?,2610
완벽하지 않아도 괜찮아,2611
나를 위해 살아봅시다,2612
잃어버렸을 때 아직 잃어버리지 않은 것을 보라,2613
지금 그대로 괜찮아,2614
글로벌 업무를 꿈꾸는 청년들에게,2615
진정한 ‘나’로 살아가는 것,2616
생각만으로는 아무것도 그릴 수 없다,2617
엄마를 브랜딩하라,2618
더 좋은 해답은 반드시 있다,2619
꿈꾸는 삶을 '발견'해내는 방법,2620
길을 제대로 걷는 3가지 비밀,2621
나만의 문화를 만들다,2622
약점은 말랑한 가능성이다,2623
"지금 그대로, 여기에서 뛰어라",2624
"대단하지 않아도 괜찮은, 버킷리스트",2625
내 감정을 책임질 때 찾아오는 자유,2626
내숭의 자락을 걷어올리다,2627
"무중력시대, 유유자적한 시간의 힘",2628
호기심공장의 공장장이 되자!,2629
청년의 미래를 불안하게 만드는 요인,2630
당신의 꿈을 이야기하라,2631
진정한 위로는 방향까지 제시한다,2632
스펙을 위한 휴학? 인생을 위한 갭이어!,2633
행복나무 프로젝트,2634
특별한 스펙 만들기,2635
이제 마음을 친구로 만나보자,2636
지금 나를 만나러 갑니다,2637
본(本) 아이덴티티,2638
"세상은 나의 학교, 스타트업은 나의 교과서!",2639
이제 미래는 '나'의 이야기다,2640
행복한 상황으로 반전시켜라,2641
시시한 아이디어들이 성공하는 이유,2642
그림자를 돌보는 삶,2643
당신이 주인공입니다,2644
행복의 저력,2645
"가슴뛰는 삶, 히말라야를 날다",2646
스스로 행복을 허락하라,2647
"생각지도 못한 변화지도의 조건, 체인지",2648
백지 위에 그리는 꿈,2649
나를 있게 한 세 가지,2650
여러분 꿈의 중심은 무엇인가요?,2651
허점 있는 배우가 사랑받는다,2652
평범함으로 만드는 특별함,2653
위기는 나를 키워준 어머니였다,2654
결핍이 열정을 낳는다,2655
아플 수도 없는 마흔입니다,2656
상상력이 세상을 바꾼다,2657
진심은 길을 잃지 않는다,2658
DID로 세상을 이겨라!,2659
결핍이 에너지다!,2660
이기는 방법,2661
언제까지 잠만 주무시렵니까,2662
엉뚱함으로부터 가능성을 발견하는 지혜가 필요하다,2663
Why not?,2664
당신은 그 자체로 아름답다,2665
수학 공부는 종이책과 연필로 하는 것이 최선일까요?,2666
스스로 그러하도록,2667
아이들의 UP DREAM(업 드림)은 교사의 엎드림에서!,2668
엄마는 세상에서 일을 제일 잘 합니다,2669
행복한 집짓기,2670
"여성, 테크놀로지를 만나다",2671
"그림책과 상상력, 상상력이 저작권이다!",2672
미디어의 미래 : 행복한 소비자와 불행한 공급자,2673
기계가 인간의 마음을 이해하다,2674
"21세기 교육혁명, 왜 거꾸로 교실인가?",2675
변화와 혁신의 현장을 가다,2676
"후쿠시마, 우리의 삶, 그리고 녹색정치",2677
"정해진 미래, 인구학이 말하는 10년 후 한국 그리고 생존전략",2678
백수의 정치경제학,2679
게임중독 예방 및 심리치료,2680
내게는 특별한 NEW토익을 부탁해 RC start-up(1),2681
내게는 특별한 NEW토익을 부탁해 RC start-up(2),2682
시나공 토익 1000제 RC(1),2683
시나공 토익 1000제 RC(2),2684
적중! FORECAST 토익 RC 시즌 3,2685
적중! FORECAST 토익 RC 시즌 2,2686
적중! FORECAST 토익 RC 시즌 4,2687
적중! FORECAST 토익 RC 시즌 1,2688
이미정의 플라워 홈 데코 DIY(3),2689
빅데이터 분석을 위한 하둡 프로그래밍 Part 1-1,2690
빅데이터 분석을 위한 하둡 프로그래밍 Part 1-2,2691
빅데이터 분석을 위한 하둡 프로그래밍 Part 1-3,2692
청춘의 질문 ‘꿈’,2693
위키 매니지먼트,2694
리더 김성근의 9회말 리더십,2695
보이는 소리 들리는 마음,2696
마케팅 12번째 전사,2697
시나공 토익 900 넘기기 Reading STEP 2,2698
펜글씨 3급 자격증(2),2699
매력이 경쟁력이다,2700
페이스 요가 따라 하기!,2701
상황과 옷에 딱 어울리는 헤어스타일 ABC,2702
실용 한국어 회화 Basic,2703
작은 공동체가 큰 도시를 어떻게 바꿀 것인가,2704
리스타트 핑!,2705
안아드립니다,2706
뚱뚱하고 섹시하게 사는 법,2707
청춘의 질문 '나',2708
"달팽이의 별, 빛나다",2709
하루 10분 메이티엔 중국어회화 입문 step 2,2710
아포리아 시대의 인문학,2711
통하는 살핌'의 질서,2712
"시계, 장애와 비장애의 경계를 없애다",2713
미국 유학과 SAT전략,2714
죽음의 계곡,2715
[입이 열리는 토마토크] STEP 10 원어민처럼 말하기,2716
청춘고민상담소,2717
하루 10분 비즈니스 영어회화 Speak Out 초급(2),2718
산후조리 바르게 알고 하는 법,2719
중국어 청취 권법전수 4주 완성,2720
성공적인 마켓진출을 위한 유통경로 마케팅,2721
청춘의 진정한 낭만,2722
행복한 노후 가꾸기 & 생애 설계의 성공법 - 행복한 커뮤니케이션,2723
고전읽기로 배우는 자기주도 공부습관 코칭(2),2724
와인의 달인! 와인 마시는 법은 없다(2),2725
행복한 노후 가꾸기 & 생애 설계의 성공법 - 행복한 리더십,2726
행복한 노후 가꾸기 & 생애 설계의 성공법 - 건강하게 오래 사는 법,2727
자연과 사람의 조화 사찰음식의 기본,2728
사랑스런 우리아기 건강이유식 만들기 - 초기,2729
타이포아트로 세상을 움직여라!,2730
"전국노래자랑 1,200명의 사진이 보여준 진실",2731
인생도 감동적인 스포츠처럼,2732
아빠의 자격,2733
개인 종합 재무설계란?,2734
네일아트 자격증 한 번에 취득하기,2735
시나공 토익 1000제 LC(1),2736
시나공 토익 1000제 LC(2),2737
부자로 나아가는 길,2738
경제위기? 나 이길 수 있어?,2739
우리가 반드시 알아야 할 중국의 긴급과제 50가지,2740
적중! FORECAST 토익 LC 시즌 2,2741
하루 10분 비즈니스 영어회화 Speak Out 초급(1),2742
콤플렉스는 나의 힘,2743
Word Master 600(2),2744
임신과 출산에 꼭 필요한 상식백과(1),2745
이기는 정주영 지지 않는 이병철,2746
모두가 부러워하는 예쁜손톱 셀프 네일아트 기초(2),2747
헤어 자격증,2748
뉴욕에서 하는 문화홍보 : ‘Seoul’ 말고 ‘서울’,2749
밥으로 병을 고친다 식사법으로 병을 고친다(2),2750
행복한 가정경제 만들기 - 투자수익률관리를 위한 램프지수,2751
W TOEIC Speaking 실전 D-20,2752
콘텐트 마케팅 파워,2753
돈관리에서 자산운영까지 속속 들여보기,2754
논어에서 말하는 배움,2755
돈 좀 굴려봅시다,2756
낭비국가를 넘어서,2757
도덕성이 강한 리더로 만들기 - 초등학교,2758
열살전에 사람됨을 가르쳐라,2759
살맛나는 은퇴자를 위한 유머(2),2760
다윗처럼 시장을 선택하라,2761
시나공 토익 900 넘기기 Reading STEP 3,2762
세종처럼,2763
재테크 인문학에서 훔쳐보다,2764
밀리언셀링 마인드,2765
CF로 생각을 뒤집는 영어 - 탄산음료 편,2766
"정보처리기사 실기 - 업무프로세스, 신기술동향, 전산영어",2767
짝짓기의 심리학,2768
지속성은 나와 관계맺기로부터 나온다,2769
토마토 COMPACT ACTUAL TEST STEP 1,2770
"신예나의 시나공 OPIc IM, IH 공략 step1",2771
이동의 경험을 혁신하다,2772
상대방이 움찔하는 세련된 화내는 표현 편,2773
지속가능하게 섹시하게,2774
차동엽의 바보 Zone,2775
본질을 좇다 : 마누라와 자식빼고 다 빼라,2776
미움극복,2777
유쾌한 이노베이션,2778
한 달에 끝내는 영어 프레젠테이션,2779
하루 10분 비즈니스 영어회화 Speak Out 중급(1),2780
하루 10분 비즈니스 영어회화 Speak Out 중급(2),2781
Going Going - Basic,2782
종자돈을 활용하여 부자 되는 노하우(2),2783
종자돈을 활용하여 부자 되는 노하우(3),2784
파고다 올인원 토익 Advancer RC,2785
메이티엔 중국어회화 초급(1),2786
메이티엔 중국어회화 초급(2),2787
"직장인을 위한 영어회화, 샐러리시 입문(2)",2788
리포지셔닝,2789
공식으로 끝내는 OPIc 입문,2790
마케팅 빅뱅(1),2791
굿바이 딜레마,2792
탑세일즈의 질문기술과 고객관리,2793
혁신의 경제학,2794
나음보다 다름,2795
"학부모님들, 발명교육을 아십니까?",2796
시민의 정치참여가 세상을 바꿉니다,2797
"휠체어 파일럿, 꿈을 함께 실현하다",2798
우리는 사람을 두고 모험을 하지 않는다,2799
차별에 맞선 나의 선택,2800
서울은 통일학교다,2801
우리는 왜 조선학교를 지원해야 하는가?,2802
정보처리기사 필기 - 전자계산기구조,2803
눈치보는 한국여자 우리 마음을 들여다보는 일상의 심리학,2804
HOW TO 일본어능력시험 N3 [문법ㆍ청해],2805
New JLPT 한권으로 끝내기 N3 (2),2806
쿠키클레이 누구나 만드는 예쁜 쿠키,2807
대한민국에서 집없는 부자로 살자,2808
사랑의 실패를 통해 얻게 된 진실,2809
"청년들이여, 스펙에 하이킥을 날려라!",2810
"청춘 여러분, 아직도 위로가 필요하십니까?",2811
New JLPT 한권으로 끝내기 N1 (2),2812
성공하는 1% 직장인 탐구생활,2813
POP 평면 2급 자격증(1),2814
당황스런 상황! 센스 있게 모면하기 편,2815
CF로 생각을 뒤집는 영어 - Fast food 편,2816
행복한 노후 가꾸기 & 생애 설계의 성공법 - 은퇴 설계 시대의 자산 운영,2817
The English Show_News(2),2818
내게는 특별한 new토익을 부탁해 LC basic,2819
Phone English Cafe - Cappucino(1),2820
나의 일이 세상을 바꿀 수 있을까?,2821
한 권 모질게 토익 RC,2822
예쁜글씨 POP 배우기(2),2823
"스피킹 시크릿, 콜로케이션을 잡아라 - 전치사편",2824
스파르타 신토익 실전 모의고사 LC,2825
중국어 어법 권법전수 4주 완성,2826
비장의 재테크 끝장 전략,2827
"Going과 함께 과거, 현재 탐색 해보기",2828
인식하다!는 Perceive일까? Recognize일까? - 똑똑해요 편,2829
오빠믿지?는 Trust일까? Believe일까? - 육감 six sence 편,2830
뻥이야!가 영어로 뭐지? - 희로애락 편,2831
"말하기 선수로 키워주는 영문법 - little, not, no 편",2832
상대방이 움찔하는 세련된 조언하기 편,2833
불리한 상황 센스있게 모면하기 편,2834
"말하기 선수로 키워주는 영문법 - many, much, few 편",2835
"회화가 튀어나오는 핵심패턴 - 찾고, 또 찾아보고 편",2836
"말하기 선수로 키워주는 영문법 - either, every, each 편",2837
I don't know 모르니까 묻지말아줘! 편,2838
입이 트이는 토익회화 - 파티 편,2839
뻥이야!가 영어로 뭐지? - 인간관계 편,2840
"회화가 튀어나오는 핵심패턴 - 아니, 이건 뭐지 편",2841
"말하기 선수로 키워주는 영문법 - any, all, both 편",2842
킬러 콘텐츠 승부사들,2843
행복한 아이를 기르는 준비된 엄마 - 영아기,2844
50가지 비법으로 끝내는 영작문 무작정따라하기 step3,2845
영어회화 핵심패턴 무작정 따라하기 초급(2),2846
멋스럽게 준비하는 파티와 잔치,2847
머리에 피도 마르지 않은 '분'들,2848
지속가능한 딴따라질을 위해 필요한 것,2849
편견에 찬 아저씨에서 멋진 경찰관으로,2850
기업가가 가장 먼저 사랑해야 할 사람,2851
아카데미 영화제로 가는 길,2852
유명하지도 않은데 왜 불렀어,2853
집에서 직접 하는 멋진 중국요리 만들기,2854
"햇빛 영화관, 관심을 켜다",2855
모바일 이노베이션,2856
임신과 출산에 꼭 필요한 상식백과(2),2857
명품브랜드를 만드는 네이밍의 기술,2858
살맛나는 자녀교육 유머(2),2859
이치방 일본어 3단계,2860
이치방 일본어 4단계,2861
위대함의 탄생 : 퍼짐의 법칙 The Law of REACH,2862
리본아트 초급(2),2863
"신예나의 시나공 OPIc IM, IH 공략 step3",2864
3급 메이크업 자격증 한 번에 취득하기,2865
Phone English Cafe - Espresso(2),2866
"영어동사,전치사 무작정 따라하기 STEP 2",2867
금융의 기술,2868
재미있는 심리이야기 - 괜찮아 넌 아직 어른이 아니잖아,2869
가족신문이 가져온 조용한 혁명,2870
엄마이기 때문에 가능한 사랑,2871
나처럼 사는 건 나밖에 없지,2872
세상에 청춘이라는 물감을 뿌려라,2873
OWNER DNA,2874
"Salam! 기회의 땅, 이슬람 바로알기",2875
속풀이 경제학,2876
[Must Know] 한글 2007 Intermediate,2877
봉봉봉 비즈니스 프랑스어,2878
인간화 시대,2879
이치방 일본어 2단계,2880
내가 생각하는 진짜 슈퍼 히어로란?,2881
"똑똑, 이웃의 집이 도서관이 됩니다",2882
창조를 창조하다(To Create Creativity),2883
SPEED OPIc Native 따라잡기 - 여행 및 출장,2884
모질게 토익 이코노미 1000제 LC Step 2,2885
당신 같은 덕후가 성공한다,2886
新JLPT 한번에 패스하기 N1 언어지식,2887
쉽게 이해하는 중국문화 (3),2888
탁월함은 자기문답으로부터 나온다,2889
지금 미래의 교육을 만들고 있습니다,2890
OPIc Punch to IH - 고급 전략편,2891
재미없는 세상에 색을 입히다,2892
"멈춰라, 귀 기울여라",2893
InDesign CC Part 1,2894
한 달 만에 끝내는 OPIc - Advanced 공략,2895
임신과 출산에 꼭 필요한 상식백과(3),2896
고객 먼저 생각하는 병원 CS 2,2897
나무 심기로 세상을 변화 시킨다,2898
팀장의 자격,2899
B-플레이어를 위한 성공의 재발견,2900
쫄지 말고 동참하라!,2901
모두가 부러워하는 생생 프레젠테이션,2902
"포기, 그 진정한 용기",2903
집단지성 시대가 요구하는 공부,2904
새로운 자본주의에 도전하라(1),2905
새로운 자본주의에 도전하라(2),2906
파고다 올인원 토익 Builder LC,2907
"변화하는 시대의 소통(疏通), 그러나 변화해서는 안되는 소통(小桶)",2908
fighting against war,2909
나와 가장 다른사람이 내게 가장 필요한 사람입니다,2910
비전에 생명력을 불어넣어라,2911
"CEO, 책에서 길을 찾다",2912
이찬승 Vocabulary for Speaking 1,2913
위험을 다스리는 사회,2914
하루를 일해도 사장처럼,2915
건축공무,2916
윈 윈십,2917
이미정의 플라워 홈 데코 DIY(2),2918
루머와 진실의 모양,2919
미치지 않으면 축제가 아니다,2920
영화 흥행을 통해 본 3.5차원의 상상력,2921
트렌드 코리아 2015 : 햄릿과 셀피,2922
세상의 굶주림을 없애는 진짜 방법,2923
"여러분께 전하고 싶은 말, 괜찮아",2924
우주인의 후예들,2925
나답게 사는 것에 미래가 있습니다,2926
빅데이터 분석을 위한 하둡 프로그래밍 Part 2-1,2927
빅데이터 분석을 위한 하둡 프로그래밍 Part 2-2,2928
빅데이터 분석을 위한 하둡 프로그래밍 Part 3-1,2929
W TOEIC Speaking D-20,2930
That's Speaking Start - 술술 말하기,2931
모든 음식의 기본 웰빙 천연조미료와 응용요리 만들기,2932
쉽게 만드는 예쁜 우리 아이 옷 만들기(2),2933
33토익 337 기본 RC - STEP 2,2934
주인의식과 애사심으로 뭉친 신입직원 되기(2),2935
겟잇 아재,2936
우리가 행복해야 모두가 행복하다,2937
결혼준비의 정석,2938
‘수포자’의 시대에 다시 보는 위대한 질문자의 소양,2939
대중예술가의 길을 되묻다,2940
미술에서 배우는 창조의 길,2941
부의 기원,2942
[입이 열리는 토마토크] STEP 7 확장된 구조로 말하기,2943
[입이 열리는 토마토크] STEP 8 절 단위로 길게 말하기,2944
"여러분께 전하고 싶은 말, 괜찮아 : 특별공연",2945
"고(高)함량 카폐인, 서비스를 튜닝하다",2946
우리 모두 기쁨을 아는 몸이 되자,2947
핵심공략! 쉽게 따라하는 재무회계,2948
돈 걱정없는 신혼부부,2949
몽골어로 배우는 실전 기초 한국어회화,2950
행복한 빠띠시에 홈베이킹 - 초콜릿과 파이(1),2951
쉽게 만드는 예쁜 우리 아이 옷 만들기(1),2952
EM 온 가족이 함께 만드는 친환경 생활용품,2953
가장 쉬운 터키어 첫걸음(2),2954
"사람과 사람, 커뮤니티와 커뮤니티를 이어주는 지도 함께 만들기",2955
우리 모두의 가능성을 키우는 점프,2956
품위있는 삶을 가로막는 것들,2957
사랑스런 우리아기 건강이유식 만들기 - 중기,2958
박희준의 독서경영,2959
"신예나의 시나공 OPIc IM, IH 공략 step2",2960
청춘의 질문 '삶의 기준',2961
행복한 빠띠시에 홈베이킹 - 초콜릿과 파이(2),2962
달콤한 유혹 홈베이킹 - 파이와 무스 쉬폰 만들기(2),2963
베이비부머가 청년에게 말걸다 : 청장년 실업 동시 해결을 위한 제언,2964
숲에서 길을 묻다,2965
엄마가 도와줄 수 있는 독서지도 방법,2966
책 잘 읽는 아이가 영어도 잘한다,2967
나를 뛰어넘는 도전,2968
마키아벨리의 군주론에서 배우는 CEO리더십,2969
한근태의 오픈 시크릿,2970
오목한 미래,2971
재즈 스타일,2972
우아한 스타트업의 비밀,2973
행복을 되뇌는 청춘,2974
That's Speaking Start - 센스있게 말하기,2975
장비와 함께 중국어 어휘 정벌,2976
꿈이 없어도 괜찮아,2977
저와 함께 새로운 정답을 찾을 사람을 찾습니다,2978
팔색조 같은 포도 포도품종 Story,2979
금융상품을 이용한 노후 재테크,2980
"차이를 존중하고, 차별에 반대하기",2981
"청년, 헬조선을 벗어나는 길을 생각하다",2982
셀프 리더십 코칭,2983
자연과 사람의 조화 사찰음식 맛보기,2984
[Must Know] 한글 2007 Basic,2985
홈패션 따라하기(3),2986
가장 쉬운 이탈리아어 첫걸음의 모든 것(2),2987
공인중개사_민법 및 민사특별법 2016(2),2988
공인중개사_민법 및 민사특별법 2016(3),2989
청년들이 주목해야 할 학벌사회의 변화,2990
"청년들이여, 아프리카로 가자!",2991
"좀도리의 지혜, 희망이 되다",2992
나는 읽는대로 만들어진다,2993
"패션, 인간을 발명하는 5가지 방법",2994
청춘의 질문 '성공',2995
나비를 부르는 꽃 그리는 법_정물화 편,2996
10분만에 그리는 인물화_인물화 편,2997
우리가 여러분보다 더 즐겁게 사는 이유 : 특별공연,2998
미술관에 간 경제학자,2999
퍼블리싱과 퍼블리킹,3000
일본의 상도,3001
정보처리기사 필기 - 데이터베이스,3002
사랑한다면 탱고처럼,3003
가장 쉬운 포르투갈어 첫걸음의 모든 것(2),3004
초 간단 예쁜 소품 내 손으로 만들기,3005
나와 같은 생각들을 연결하라,3006
리셰이핑 에듀케이션,3007
"청춘, 너는 미래를 가질 자격이 있다",3008
웰빙 천연비누 만들기 DIY,3009
반짝 반짝 빛나는 빚테크,3010
하우스 푸어,3011
인생의 절반은 부자로 살자,3012
생존 재테크,3013
부자탄생,3014
속지 않고 내 돈을 늘리는 확실한 비결,3015
대한민국 남자는 무엇으로 사는가,3016
탁월한 자산 운용 및 전략,3017
자산카드로 가정경제 포트폴리오 구성하기,3018
청춘의 질문 '일',3019
리본공예 - 나만의 패션 헤어 악세사리 만들기(1),3020
냅킨아트 초급,3021
냅킨 및 특수종이를 활용한 고급DIY 데쿠파주 공예,3022
Basic Medical Conversation 100,3023
w toeic compact listening 1,3024
집에서 쉽게 하는 수행평가 과제물 만들기,3025
가장 쉬운 태국어 첫걸음 step 2,3026
테크노 리더십,3027
세계는 울퉁불퉁하다(3),3028
건강하고 빠른 회복을 돕는 산후요가,3029
DID로 세상을 이겨라,3030
상큼발랄 셀프 메이크업 따라하기,3031
공간의 향기를 듣다,3032
빅데이터 분석을 위한 하둡 프로그래밍 Part 3-3,3033
정보처리기사 실기 기출문제,3034
빅데이터 분석을 위한 하둡 프로그래밍 Part 3-2,3035
정보처리기사 실기 - 실무 알고리즘 응용 Part 2,3036
33토익 338 PART 5&6,3037
33토익 338 PART 7,3038
모두가 부러워하는 예쁜손톱 셀프 네일아트 기초(3),3039
전산회계 2급 자격증 따기 - 실기,3040
New JLPT 한권으로 끝내기 N2 (1),3041
New JLPT 한권으로 끝내기 N2 (2),3042
"창조적 협업, 인문에서 답을 얻다",3043
비즈공예 초급자격증(1),3044
신문을 통한 우리아이 학습법 - 응용,3045
"우리아이에게 딱 맞는 독서지도, 글짓기 지도(2)",3046
엄마가 해주는 멋진 핸드페인팅(1),3047
자신있게 추천하는 요요없는 다이어트 요리,3048
버전업! 굿모닝 일본어 현지 회화(2),3049
SPEED OPIc Native 따라잡기 - 스포츠(1),3050
모노크라프트 핸드메이드 초크아트(2),3051
더 부유한 한인공동체를 위하여,3052
내 삶을 바꾼 동티모르에서의 1년,3053
Animate CC 2015 제대로 배우기,3054
선물포장 초급(2),3055
마케팅 빅뱅(2),3056
시나공 토익 700 Listening UP STEP 2,3057
SPEED OPIc Native 따라잡기 - 여가 활동,3058
新JLPT 한번에 패스하기 N2 독해,3059
"병원의 꽃, 병원 코디네이터 되기",3060
실무중심의 의료기본과정,3061
내 인생 첫번째 재무설계,3062
어학연수 가지 마라,3063
디카에 꼭 필요한 마무리! 포토샵 배우기 중급(2),3064
친디아,3065
더 사랑하고 싶어서,3066
Word Master 600(3),3067
After Effects CC 2015 모션 그래픽의 입문 Part 3,3068
전문가와 함께 배우는 포토샵 CS5 실전예제 중급(1),3069
"인간을 위한 발명, 그 발명에도 보호가 필요합니다",3070
부자되는 금융상품의 핵심을 이해하라,3071
"소셜커머스, 무엇이고 어떻게 활용할 것인가",3072
생활의 혁신_스마트 테크놀로지 4.0,3073
진짜 경쟁력은 원천기술에 있다 : 코아옵틱스 R&D스토리,3074
"대한민국 20대, 일찍 도전하라",3075
That's Speaking Start - 맛깔스럽게 말하기,3076
DR. MBA,3077
나는 오늘도 사막을 꿈꾼다,3078
리얼 멘토링,3079
중국 증시 콘서트,3080
식인양의 탄생,3081
"토털 쇼크, 어떻게 살아남을 것인가?",3082
코끼리여 사슬을 끊어라,3083
작지만 강한 나라를 만든 사람들,3084
I Marketing,3085
"수주에서 시공까지, 건설기본 영어",3086
미래를 여는 디자인,3087
"관우, 프리젠테이션의 달인이 되다!",3088
I write TOEIC,3089
"스피킹 시크릿, 콜로케이션을 잡아라 - 동사, 부사편",3090
PR을 알면 세상이 열린다,3091
SPEED OPIc Native 따라잡기 - 자기소개(직장인),3092
임병용교수의 생생 토론 교실,3093
엄마가 준비하는 우리아이를 위한 웰빙 식단(2),3094
무지개행복 레시피,3095
청춘의 고민 '외로움',3096
행복한 CS달인을 만드는 고객만족 클리닉(병원편),3097
세상의 변화는 화장실에서 시작된다,3098
성미산마을 사람들,3099
"Be Stylish, Be Unique!",3100
미리미리 준비하는 국가영어능력평가 NEAT 알아보기,3101
애플쇼크,3102
융합전문가로 살아간다는 것,3103
청춘의 상상력,3104
청춘의 주인공이 되자,3105
초대박 토익엔진 LC(2),3106
나의 특별한 소방관,3107
오은영 박사의 행복한 부모를 위한 우리 아이 성장코칭,3108
글로벌 위기 이후,3109
Word Master 600(4),3110
OPIc Punch to IH - 기본 전략편,3111
w toeic compact listening 2,3112
"도시 재탄생의 비밀, 도시브랜딩",3113
라디오스타 잉글리시 초급 Step 2,3114
맛있는 파티 음식과 쿠킹 팁!,3115
사람과 세상을 바꾼 공동체지도 이야기,3116
핵심공략! 쉽게 따라하는 세무회계,3117
우리가 여러분보다 더 즐겁게 사는 이유 : 청춘합창단 유엔에 가다,3118
생활속 예술 작품 나만의 포크아트 - 응용,3119
HELLO WORLD,3120
한복 아직도 어려우신가요?,3121
쉽고 재미있는 얼쑤! 논술 강의(1),3122
창의적 제품의 성공요건,3123
클레이 만들기(1),3124
생각대로 되는 변화의 즐거움,3125
3시간 놓치면 죽을 때까지 고생하는 뇌졸중,3126
미세한 변화를 감지하는 동물적 감각,3127
내 안의 1%가 기적을 만든다,3128
요술풍선과 라운드풍선의 혼용,3129
Everyday Medical Conversation 100,3130
가족의 재탄생,3131
20대가 끝나기 전에 꼭 해야 할 21가지,3132
네 가지의 꿈을 따르는 홍박사,3133
"신비한 향기의 마법, 아로마테라피 향기요법(2)",3134
新JLPT 한번에 패스하기 N1 독해,3135
미코노미,3136
혁신은 삐딱함이다,3137
가족피부 지킴이 저온숙성 천연비누 만들기,3138
비즈공예 - 개성만점! 톡톡 튀는 액세서리 만들기,3139
탄소가 돈이다,3140
내가 행복해야 문화가 된다,3141
"눈뜨면 도착, 우리가 만드는 커뮤니티버스",3142
세상의 모든 것이 서로 연결될 때,3143
세상을 바꾼 작은 용기,3144
차기 대통령께 드리는 메시지,3145
가장 쉬운 러시아어 첫걸음(2),3146
"우리아이에게 딱 맞는 독서지도, 글짓기 지도(1)",3147
SPEED OPIc Native 따라잡기 - 스포츠(2),3148
병원의 지속성장을 위한 의료경영 AtoZ,3149
상대방이 움찔하는 세련된 불평하기 편,3150
OPIc Punch to IM2 - 기본기 쌓기,3151
Kirsty Jun의 오픽 집중 훈련 step(1),3152
카자흐스탄의 정치와 경제,3153
48가지 비법으로 끝내는 영어 리스닝 무작정 따라하기 step1,3154
SPEED OPIc Native 따라잡기 - 돌발질문(1),3155
전산회계 2급 자격증 따기 Part 2,3156
라운드풍선을 활용한 파티 꾸미기,3157
Kirsty Jun의 오픽 집중 훈련 step(2),3158
웰레스트,3159
급하다 급해!는 Dash일까 Rush일까? - 행동 Action 편,3160
Phone English Cafe - Caffe Latte(2),3161
"선생님, 당신이 희망입니다",3162
한국인의 길을 찾아라,3163
박코치가 장담하는 대한민국 소리영어 박장대소,3164
모두가 광장에 모이다,3165
위로받고 싶지 않은 서른,3166
넥스트 컴퍼니,3167
정영완의 TOP-DOWN 톱다운 투자전략,3168
