\테마특강,1
\리더십,2
\영어,3
\세바시,4
\장애인 인식 개선,5
\파르나스호텔,6
\경영일반,7
\생활취미,8
\유한킴벌리,9
\법정 필수과정,10
\일본어,11
\OURHOME,12
\자기계발,13
\베스트셀러,14
\GS리테일 직무과정,15
\생활/취미(학습시간 미반영),16
\직무향상,17
\리더십향상,18
\기본역량,19
\필수교육,20
\산업전문,21
\법정교육,22
\OA,23
\FNC,24
\인문이야기,25
\올해의 필수과정,26
\올해의 YK 人,27
\법정과정,28
\필수과정,29
\삼성카드 자체 컨텐츠,30
\Biz. Skill,31
\제품,32
\인문/교양,33
\중국어,34
\4차 산업혁명,35
\[인정]산업전문,36
\[인정]경영일반,37
\[인정]Biz. Skill,38
\[인정]OA,39
\[인정]리더십,40
\법정필수교육,41
\성희롱 예방,42
\장애인 인식,43
\직급별 추천과정,44
\직무별 추천과정,45
\어학,46
\사회복지과정,47
\HF 자체과정,48
\공통역량,49
\Biz. 통찰력,50
\[인정]영어,51
\성희롱 예방 교육,52
\F&U 공통,53
\정보보안,54
\직무연계과정,55
\D-직무,56
\법정필수/전사필수,57
\직업기초역량,58
\IT,59
\MBA,60
\제2외국어,61
\직무역량,62
\테마별 프로그램,63
\한진중공업,64
\세일즈&카운셀링,65
\공통과정,66
\KB사업부,67
\상품교육 및 우수사례,68
\교육영상 및 우수사례,69
\영업 계층별 교육,70
\법정교육과정,71
\법정필수과정,72
\역량강화분야 (필수),73
\역량강화분야 (선택),74
\잡코리아,75
\법정의무과정,76
\인문소양과정,77
\한양핵심역량,78
\공무원,79
,80
\전직원공통필수,81
\직급별리더십,82
\전직원 공통필수과정(분기별),83
\기타과정(필수과정 X),84
\직무과정,85
\전직원필수,86
\실무자역량강화,87
\선택이수,88
\MiniMBA,89
\노사발전재단,90
\직무 관련,91
"\광고, 홍보영상",92
\세일즈 향상,93
\GS리테일 창의역량,94
\의무교육과정,95
\윤리,96
\공무원연금,97
\사회적가치·혁신,98
\GEPS 열린강좌,99
\7분 동영상,100
\상생협력,101
\MSH 핵심과정,102
\MSH 기타과정,103
\청렴과정,104
\경영직무,105
\OA&IT,106
\인문교양,107
\IBK자체교육,108
\★경영일반,109
\삭제,110
\정규과정,111
\청렴교육,112
\직무교육,113
\세일즈,114
\기초상식,115
\전 직급 필수,116
\MBA (직급별 필수),117
\성희롱 예방교육,118
\상담직무,119
\직급별필수,120
\직책별역량,121
\전사 필수과정,122
\삼성카드 기본역량,123
\삼성카드 CS+,124
\Compliance 교육,125
\POINT 미부여과정,126
\SKMS,127
\자율과정,128
\핵심가치-인재(3월),129
\임원과정,130
\핵심가치-정직(1월),131
\핵심가치-도전(5월),132
\핵심가치-창의(7월),133
\핵심가치-상생(9월),134
\글로벌역량,135
\정직(1월),136
\인재(3월),137
\도전(5월),138
\창의(7월),139
\상생(9월),140
\인문/교양(11월),141
\FP실무역량(계속교육),142
\경영일반 (직급별 필수),143
\알보젠,144
\학점인정,145
\서비스,146
\유엘 법정필수교육,147
\기초과정,148
\한제人과정,149
\사내직무연수,150
\법정필수,151
\직급역량,152
\KISA 자체과정,153
\기술자격,154
\부동산 금융ㆍ개발,155
\법규필수,156
\특별자산펀드,157
\추천과정,158
\공통 추천과정,159
\영업/세일즈,160
\남해화학 필수,161
\11월 이벤트 추천과정,162
\7월 이벤트 추천과정,163
\의무교육,164
\Biz Skill,165
"\외국어(영, 중, 일)",166
\FNC 법정필수교육,167
\FNC 학점인정과정,168
\법정필수교육과정,169
\성희롱예방교육,170
\직무전문,171
\SC은행 자체 컨텐츠,172
\强將 아카데미,173
\삼천리 안전관리,174
\상담,175
\중구청,176
\AK법정과정,177
\공인중개사,178
\W 독서통신,179
\W 테마특강,180
\[인정] 산업전문,181
\켐텍필수과정,182
\경영일반(평가인정),183
\어학(학습시간 미반영),184
\비즈니스,185
\인성/인문학,186
\역량평가 과정,187
\자율학습 과정,188
\직무 전문가 양성과정,189
\경농 자체 콘텐츠,190
\ubob,191
\직무 추천과정,192
\신세계조선 필수역량,193
\Biz. Skill (직급별 필수),194
\BC직무강좌,195
\[P] 경영일반,196
\[P] MBA,197
\BC미니강좌,198
\CEO 특강,199
\Root Course,200
\직급별리더십과정,201
\트레이닝매니저,202
\핵심가치,203
\사내교육,204
\남해화학 선택,205
\지식라이브러리,206
\직무,207
\인문,208
\저자직강 및 취미,209
\신규과정,210
\자기경영,211
\인문/심리학,212
\Global_영어,213
\공통_생활취미,214
\직무_커뮤니케이션,215
\직무_전문직무,216
\공통_자기계발,217
\Global_일본어,218
\직무_경영일반,219
\직무_OA,220
\기본_법정의무,221
\직무_Biz. Skill,222
\비활성화,223
\필수이수제,224
\부엌전문가과정,225
\계층별 필수과정,226
\지정과정,227
\기본교육,228
\모바일 러닝 가이드,229
\AIA 공통,230
\인문 및 교양,231
\D-리더십,232
\내부특강,233
\과장리더십,234
\기타과정,235
\신입사원 공통,236
\공통필수 (법정필수),237
\W 직무역량,238
\W MBA역량,239
\W 생활취미,240
\W 인문학,241
\공통필수,242
\직무필수,243
\업무노하우,244
\사내 강좌,245
\교양/자기계발,246
\HYU역량과정,247
\CS,248
\필수법정교육,249
\직급별 과정,250
\직장인의 기본자세,251
\LM·PM 직무역량,252
\관리자,253
\부동산 공인중개사 과정,254
\직무전문역량,255
\공인중개사'17,256
\자격취득과정,257
\공통_인문/교양,258
\신규입사자 필수교육,259
\리더십 (직급별 필수),260
\정보보호,261
\GS네트웍스 직무과정,262
\매니저루트코스,263
\지식영상,264
\코스웨어,265
\Staff 계층별 교육,266
\Staff 직무별 교육,267
\자기계발과정,268
\AJ 직책자 추천과정,269
\커뮤니케이션,270
\사회복지,271
\유엘 법정필수교육 (~7/31),272
\건재전문가과정,273
\패키지 상담과정,274
\수납전문가과정,275
\PMA,276
\Biz. Skill(평가인정),277
\리더십(평가인정),278
\학점미부여 과정,279
\컴플라이언스,280
\Biz. Acumen,281
\공통기초,282
\사내과정,283
\미디어크리에이트,284
\직무별 MBA,285
\Sexual Harassment Prevention,286
\공지,287
\SK렌터카서비스,288
\언어,289
\역량,290
\BCK 과정,291
\경영,292
\기타,293
\[P] Biz. Skill,294
\필수교육과정,295
\법정의무교육,296
\생활취미(학습시간 미반영),297
\개별지도,298
\핵심과정,299
\자체 직무,300
\청렴,301
\TBWA,302
\인문교양 및 자기계발,303
\★산업전문,304
\★Biz. Skill,305
\★OA,306
\★MBA,307
\서울우유,308
\학습,309
\관리,310
\W 리더십역량,311
\W 어학역량,312
\W 경영역량,313
\필수이수과정,314
\수납전문가,315
\직무공통,316
\OA (직급별 필수),317
\회계담당자 과정,318
\회계과정,319
\혁신 2018,320
\노사관리∙임금,321
\SOK Training,322
\산업전문 (직급별 필수),323
\ULU 추천과정 (~10/21),324
\ULU 추천과정 (4/17~4/28),325
\IT/OA,326
\필수교육Class,327
\2015 직책자 교육,328
\★리더십,329
\KRICT 필수과정,330
\[인정]직무연계과정,331
\[인정]자기계발,332
\전문역량,333
\리더십역량,334
\신규입사자 과정,335
\학부모,336
\Digital Transformation,337
\Globality,338
\소장(필수/선택),339
\전체 공통(필수/선택),340
\담당(필수/선택),341
\소장,342
\DT 아카데미 기본과정,343
\삭제 카테고리,344
\직무교육과정,345
\W 기타역량,346
\직무 전문가 과정,347
\학점인정과정,348
\입시,349
\학습법,350
\MBA(평가인정),351
\계층교육,352
\어학과정,353
\[인정] MBA,354
\기초 상식,355
\자체교육,356
\IT (직급별 필수),357
\한솔계층교육,358
\정보보안 교육,359
\Value learner,360
\Training BOX,361
\필수과목,362
\지점장 MBA 과정,363
\이벤트 추천과정,364
\차세대 리더 양성과정,365
\PS 소통공감,366
\신세계조선 기타역량,367
\입문과정,368
\인문교양(11월),369
\Learner,370
\점프업 과정,371
\YK 인문학,372
\YK 리더십,373
\Global_제2외국어,374
\직무_리더십,375
\전남신용보증재단,376
\글로벌커뮤니케이션,377
\MEGABOXer LIFE,378
\[인문학 산책],379
\[비즈니스 특강],380
\리더십과정,381
\한솔경영기획,382
\Global_중국어,383
\업무능력 향상과정,384
\플라멜엠디,385
\자기개발(자기관리),386
\KLIP 홍보영상,387
\★영어,388
\개인교양,389
\시즌업무,390
\1등 BC人,391
\(학점인정과정_직급별) 전문역량,392
\K-러닝플러스 홍보영상,393
\외국어,394
\★중국어,395
\Biz. Skill/CS,396
\유통,397
\OA(POINT),398
\산업특화,399
\6월이벤트과정,400
\VLT,401
\[인정]MBA,402
\(학점인정과정_공통) 영어,403
\(학점인정과정_공통) 리더십,404
\(학점인정과정_공통) 중국어,405
\(학점인정과정_공통) 일본어,406
\(학점인정과정_직급별) 공통역량,407
\(학점인정과정_공통) Biz.Skill,408
\핵심역량이수,409
\공통역량이수,410
\기관지정학습,411
\Ubob 자유수강,412
\직무역량이수,413
\개인정보보호,414
\[KB어학당]   ,415
\YK 4차 산업혁명,416
\A Letter For Leaders,417
\자격증,418
\권장과목,419
\자기개발(셀프리더십),420
\조직장 관리역량,421
\선임,422
\새롬 추천과정 (공통필수),423
"\수석, 책임",424
\원장루트코스,425
\지점운영노하우,426
\영업 신입 입문교육,427
\이벤트 공지,428
\권장교육,429
\AJ가족,430
\자체 공통,431
\직책자 리더십 과정,432
\부엌전문가,433
\건재전문가,434
\교육 필수,435
\개인정보보안교육,436
\[인정]제2외국어,437
\[경영 이슈 & 트렌드],438
\TY 법정의무과정,439
\AJ 신규입사자 필수과정,440
\인문교양과정,441
\대표이사추천,442
\관리소장·후보 직무역량,443
\자기개발(외국어),444
\[인정] 청렴교육,445
\직급별추천과정,446
\트렌드,447
\전문직무분야 (필수),448
\[인정]중국어,449
\손해사정사,450
\공인중개사(2017)2017),451
\교양,452
\OA/IT,453
\경영일반/산업전문,454
\Awareness on the People with Disabilities,455
\특별자산펀드교육,456
\변액시험대비,457
\모닝커피,458
\원장,459
"\자기개발(세바시,15분)",460
\승진자 관리역량,461
\공통_mini,462
\외국어_mini,463
\계층별 리더십,464
\스마트 MBA,465
\직무일반,466
\Biz. Skill(POINT),467
\제2외국어(POINT),468
\코디네이터,469
\Enter6 추천과정,470
\리더십(POINT),471
\사내방송,472
\서비스고고고+,473
\TY 추천과정,474
\TY 학점인정과정,475
\업무공통,476
\비활성화 카테고리,477
\패키지상담,478
\신입과정,479
\(학점인정과정_직급별) 리더십역량,480
\직군별 과정,481
\점프업,482
\직급교육 (2018년),483
\PMA과정,484
\Micro Learning,485
\Improve awareness of the disabled,486
\생활취미/자기계발,487
\선택과정,488
\제품교육,489
\인문&교양,490
\[인정]IT,491
\전남신보,492
\제2외국어/문화,493
\TY 진급과정,494
\추천,495
\AJ 추천과정,496
\AJ 공통직무과정,497
\비즈스킬,498
\회사필수교육,499
\주임,500
\[인정] Biz. Skill,501
\[인정] 경영일반,502
\POINT 부여과정,503
\직무교육 (2018년),504
\MOT,505
\경영 직무,506
\등록상담,507
\이벤트 과정,508
\[인정] 자기계발,509
\AJ 직책자 리더십 추천과정,510
\인사/조직,511
\기본소양,512
\공통_세바시,513
\직무_MBA,514
\KNOC,515
\영어(자율과정),516
\글로벌,517
\잼터 아카데미,518
\SC제일은행 자체 콘텐츠,519
\경영일반(POINT),520
\MBA(POINT),521
\자기개발(인문·교양),522
\[인정] OA,523
\[인정] 리더십,524
\W 스마트역량,525
\자기개발(법률),526
\일반과목,527
\[P] 산업전문,528
\자기개발(사무자동화),529
\팀장/PM,530
\GS SHOP 전략 & Trend,531
\ULU 추천과정 (~9/2),532
\INITIATIVE & DECISION MAKING,533
\ACHIEVE BUSINESS RESULTS,534
\ULU DNA Project,535
\이달의 신규과정,536
\예비리더과정,537
\우수인력,538
\자유교양,539
\9월 이벤트 추천과정,540
\[P] IT,541
\5월 이벤트 과정,542
\CSI 과정,543
\이문화,544
\교양 / 기타,545
\[인정]일본어,546
\예비단장과정,547
\현장팀장/총무,548
\★일본어,549
\담당,550
\TY 필수과정,551
\의무이수교과,552
"\OA,기획",553
\SKC 하이테크앤마케팅 사내교육,554
\직무기본,555
\대신증권자체교육,556
\공통,557
\핵심인력,558
\취미/생활,559
\AJ 신규입사자 추천과정,560
\특강,561
\SKC Haas 사내교육,562
\자기개발(매니지먼트 스킬),563
\[인정] 인문/교양,564
\(학점인정과정_공통) 자기계발,565
\(학점인정과정_공통) 테마특강,566
\한솔경영지원,567
\한국창의성학회,568
\임원/팀장(필수/선택),569
\자체과정,570
\직무관련과정,571
\일본어(자율과정),572
\부국증권,573
\ACADEMY 가이드,574
\일본어(POINT),575
\영어(POINT),576
\TEAMWORK,577
\생활교양,578
\YK MBA,579
\하이트진로 소양교육,580
\[미인정]세바시,581
\[미인정]생활취미,582
\성영목의 모닝커피,583
"\실무자__OA, 기획",584
\보이스피싱 예방교육,585
\자기계발(POINT),586
\생산,587
\공인중개사'16,588
\자격증/시험 대비,589
\CUSTOMER FOCUS,590
\캄텍 인문/교양 과정,591
\APRO,592
\[미인정]인문/교양,593
\[미인정]베스트셀러,594
\정보화,595
\1차카테고리테스트,596
\8월 이벤트 추천과정,597
\JBM 8기,598
\지점문화,599
\마케팅,600
\직책자 Comm.Skill,601
\직군별 추천과정,602
\FC - Ship,603
\직무공통Skill,604
\ULR 추천과정 (4/17~4/28),605
\AJ 직무별 추천과정,606
\LEADING & ENGAGING,607
\현대글로비스 자체 콘텐츠,608
\아주산업 자체콘텐츠,609
\직무_mini,610
\[인정] 테마특강,611
\직무교육 필수이수제교과,612
\★IT,613
\AJ 직급별 리더십 추천과정,614
\[미인정]인문이야기,615
\전자랜드 교육,616
\조비 자체 콘텐츠,617
\제니엘 필수과정,618
\선진,619
\경영전략,620
\직무전문Skill,621
\[인정] 인문이야기,622
\법정의무,623
\(학점인정과정_공통) 경영일반,624
\(학점인정과정_공통) MBA,625
\이벤트,626
\중국어(자율과정),627
\제2외국어(자율과정),628
\본사 팀·단장 교육,629
\잡코리아 좋은일 연구소,630
\팀장리더십,631
\[인정] 일본어,632
\★제2외국어,633
\인문소양교육,634
\비씨카드,635
\사업부장,636
\[인정] 영어,637
\인사관리,638
\웰빙,639
"\실무자_OA,기획",640
\관리자_리더십,641
\(학점인정과정_공통) OA,642
\은퇴설계특강,643
\중국어(POINT),644
\팀장,645
\CS학습체계,646
\팀장급 추천과정,647
\ULU 추천과정,648
\기관지정,649
\경영지원,650
\COMMUNICATION,651
\한솔영업,652
\업무능력향상과정,653
\회계,654
"\실무자_OA, 기획",655
